pid,name,pagerank_score
174/9863,Zehui Xiong,0.0023023071107404003
145/4239,Jiawen Kang 0001,0.0020827379616122394
174/9678,Hongyang Du,0.0014317932270194787
86/1369,Dong In Kim,0.001387619955945082
83/514,Zhu Han 0001,0.0012249580503146723
37/1304-1,Ping Wang 0001,0.0012186789696238887
91/3680-8,Li Shen 0008,0.0011346099843597454
05/3499-37,Jing Zhang 0037,0.0010259542988504077
l/XuelongLi,Xuelong Li 0001,0.0010258279466782815
70/6443-1,Bo Du 0001,0.0009531463885199127
36/4118,Haizhou Li 0001,0.0008775793186178465
88/3340-6,Liang Ding 0006,0.0008721268368977916
05/6300-2,Ziwei Liu 0002,0.0008490113394774046
127/0713,Xiaofei Xie,0.0008458295258416386
76/3131,Cyril Leung,0.0007965162163410919
l/EePengLim,Ee-Peng Lim,0.0007960172597851009
08/1924,Kai Keng Ang,0.0007941009702044099
s/JunSun1,Jun Sun 0001,0.0007669614000731356
37/8852,Dinh Thai Hoang,0.0007369710614377843
150/6667,Tongliang Liu,0.0007306456666231067
l/XiaoliLi,Xiaoli Li 0001,0.0007144839174837724
82/6362-1,Qiang Yang 0001,0.0006843949562088893
116/4904,Soujanya Poria,0.0006513130448359631
65/1792,Huamin Qu,0.0006445889276929503
25/3038-5,Qing Guo 0005,0.0006438610349052069
285/1721,Minrui Xu,0.000643847688596909
57/5272-2,Yong Luo 0002,0.0006248525695024784
99/4522,Xinbo Gao 0001,0.0006239081479255578
t/StephenJohnTurner,Stephen John Turner,0.0006192816300512337
33/6517,Jin Song Dong,0.0005962058047469955
s/XueminShen,Xuemin Shen,0.0005885932349510842
20/6534-3,Lei Ma 0003,0.0005876167031916576
03/6772,Amir Hussain 0001,0.0005859170610751436
k/AlexChiChungKot,Alex C. Kot,0.0005742815201278656
29/4867-20,Yong Liu 0020,0.0005737008944054809
77/7902-4,Tianwei Zhang 0004,0.000572874965529826
82/5713,Lizhen Cui,0.0005607313834204954
191/5298,Shangchen Zhou,0.000555332766117297
24/6606,Tat-Seng Chua,0.000550336229539131
19/3230,Guangtao Zhai,0.0005395239892168692
324/1909,Rui Mao 0010,0.00053108026327397
173/5360-1,Nguyen Cong Luong 0001,0.0005307309263730134
18/6404-1,Abhishek Gupta 0001,0.0005203993684900432
16/0-8,Min Wu 0008,0.0005060551793654983
94/7837,Shivam Bhasin,0.0004979051547575731
70/6176-1,Bin Ma 0001,0.0004952351000962557
169/5585,Chongyi Li,0.0004941329315563405
c/AdrianDavidCheok,Adrian David Cheok,0.0004931025385789744
199/6413,Xinrun Wang,0.0004929671964793007
204/3729,Yuekang Li,0.0004857434887304615
h/StevenCHHoi,Steven C. H. Hoi,0.00048250339669507394
21/1136,Wu Jigang,0.00048133865621860885
35/11103,Felix Juefei-Xu,0.0004813093393790546
264/5802-1,Haoning Wu 0001,0.0004791800089698997
06/4240-15,Zhe Chen 0015,0.00047762108370696195
53/6088,Dahua Lin,0.0004760643122757528
163/5129-1,Zhu Sun 0001,0.00047529379785134153
55/7901-1,Xianglong Liu 0001,0.0004729018351260792
06/6785-25,Yang Zhang 0025,0.0004680402652984288
180/8218-1,Sen Chen 0001,0.0004593067175756301
56/432,Joo-Hwee Lim,0.0004571101058444157
59/3754-3,Han Hu 0003,0.0004557116671670996
80/7282,Caiming Xiong,0.00045261308574278
119/5942,Ming-Feng Ge,0.0004521907277314817
97/2966-2,Chang Xu 0002,0.0004430756984716047
207/1743,Jiangtian Nie,0.00044296619879586013
84/4581-1,Nan Zhao 0001,0.00044204130275551733
18/5410-4,Di Wang 0004,0.00043511343830053
35/5873,Ivor W. Tsang,0.0004313217320455216
l/MalcolmYokeHeanLow,Malcolm Yoke Hean Low,0.00042866348210088935
96/6014,Xiong Xiao,0.000424783606648424
31/9004,Yuming Fang,0.0004247073208174386
t/NadiaMagnenatThalmann,Nadia Magnenat-Thalmann,0.00042437663127641717
142/8486,Yibing Zhan,0.0004191772910603506
255/5085,Yihao Huang 0001,0.00041567626016834154
76/847-6,Lei Feng 0006,0.0004133436581893465
16/9879,Wenxiu Sun,0.0004126035424584394
71/5333,Mingli Song,0.000408864870331986
115/7106-1,Jiacheng Wang 0001,0.00039888504131278915
134/1620,Ruicheng Feng,0.00039592732808902423
24/8616,Radu Timofte,0.0003919522977113005
53/6625,Lidong Bing,0.0003907864877091554
28/10770,Lefei Zhang,0.0003906686310919186
92/249,A. Prasad Vinod 0001,0.0003898625883714191
98/8479,Mingming Gong,0.00038954872991605043
26/1181,Haihua Xu 0001,0.0003889824943782403
79/1442-6,Chao Xu 0006,0.0003874974546052288
177/5658,Aishan Liu,0.00038275035026363543
54/4934,Björn W. Schuller,0.00038073951408751675
91/9687,Fayao Liu,0.0003795835480712078
48/1091-1,Yiqiang Chen 0001,0.0003784745891282285
y/ShuichengYan,Shuicheng Yan,0.0003770529804207436
225/4682,Fengxiang He,0.0003742761399595343
04/1538,Edwin Lughofer,0.00037383993607892455
72/3380,Shi-Qing Xin,0.0003692218656788989
239/4017,Xiangtai Li,0.00036870054770048676
83/1359-1,Daqing Zhang 0001,0.0003681858906549791
188/6350,Yi Tay,0.00036798577880908816
92/3836,Shimin Gong,0.0003644332725195186
174/7172,Chaoyue Wang,0.00036308585344164995
00/5179-1,Rui Tan 0001,0.000361088674636798
01/753,Chau Yuen,0.00035898899253478204
p/HVincentPoor,H. Vincent Poor,0.00035827973722582046
56/1673,Chunhua Shen,0.00035653831368749286
23/8015,Xinchao Wang,0.00035604649190443916
62/6016-1,Jiaxing Huang 0001,0.0003558239128763422
00/5480,See-Kiong Ng,0.00035269682917681315
97/4626-69,Yi Liu 0069,0.00035084502330719083
43/3254,Haihong Zhang,0.00034990262745426094
07/5681-1,Liang Feng 0001,0.0003496835608159625
193/4403,Zicheng Zhang,0.0003496155871417005
223/4246,Fangneng Zhan,0.0003454095507430443
93/6765-1,Meng Wang 0001,0.0003443516704292639
22/2383,Suiping Zhou,0.00034232260329675917
45/1224,Ekram Hossain 0001,0.0003394194686317063
249/8429,Xiaobao Wu,0.0003373819666798636
178/8621,Zhiguang Cao,0.0003365111218452998
183/0183,Zhengzi Xu,0.00033571076524641037
27/2403,Yunhao Liu 0001,0.0003349028324503597
36/4847,Victor C. M. Leung,0.0003335728556822884
25/4108-1,Hongbo Jiang 0001,0.0003333569770244002
03/6872-1,Yong-Jin Liu 0001,0.00033318496331304504
49/3283-5,Wei Liu 0005,0.0003322181571502114
140/4707,Changxing Ding,0.00033221672428791836
52/3003,Shiwen Mao,0.0003311815777841336
205/2918,Tianyue Zheng,0.0003305472473096855
33/1903,Xiaokui Xiao,0.0003294752582766408
04/5226,Xiaoou Tang,0.00032752775742288004
65/4423-75,Chen Chen 0075,0.0003240010593970434
232/3190,Zhongang Cai,0.0003213678067954965
38/5125,Juyong Zhang,0.00031991298306017926
17/6484,Chuan Heng Foh,0.00031973750326052755
95/10521,Xiaojiang Chen,0.00031964023732756114
153/2475,Prasanna Ravi,0.0003180272721306918
199/1893,Shaohan Feng,0.0003177914314180962
50/5754-2,Jun Yu 0002,0.0003169187380401488
119/4173,Meiqing Wu,0.00031623067627764687
163/6525,Chengwei Liu,0.000314474311395538
67/2667,Milind Tambe,0.00031366977860007453
11/2636-3,Lingling Fan 0003,0.0003122864188469806
98/153,Ying-Chang Liang,0.0003110576634494456
43/5957,Meng-Hiot Lim,0.00031068129704679546
w/DPWoodruff,David P. Woodruff,0.0003095281136202403
88/619-6,Peng Sun 0006,0.0003092653779756526
151/7878,Ming Chi,0.00030891545281763874
h/BingshengHe,Bingsheng He,0.0003078802588780663
78/4473,Yin-Leng Theng,0.00030683518825717405
03/7457,Zhenghua Chen,0.0003054924588265315
227/6598,Ruichen Zhang,0.0003051198936322598
35/203,Zhenjiang Li,0.00030197587395822996
32/10216,Guiyuan Jiang,0.0003015646739079585
37/4424-1,Xiao Lu 0001,0.0003012630485259478
122/2673,Junhui Hou,0.00030120059712525663
81/2641,A. Benjamin Premkumar,0.0003009780083660977
80/3909,Dingyi Fang,0.00030032828758669224
06/3071-1,Xiaokang Yang 0001,0.00029897568770468144
64/2903-2,Bo Dai 0002,0.00029895312554277016
w/RaymondChiWingWong,Raymond Chi-Wing Wong,0.0002985645912995096
03/5204-1,Xinmei Tian 0001,0.00029821650957396133
189/5885,Yuchen Hu,0.00029763400958834213
91/195-7,Chi Zhang 0007,0.0002974492880363372
20/4471,Cheng Deng,0.0002972084704184616
85/6463-1,Bo Ai 0001,0.0002970246565110325
160/3845,Anubhab Baksi,0.0002946910421992981
236/9144,Gelei Deng,0.00029459564284949996
56/5807-1,Xian-Sheng Hua 0001,0.0002939884347879625
a/DavidAtienza,David Atienza,0.00029356001640197125
61/1140,Jinwei Gu,0.00029353212988605736
70/3604-6,Chen Qian 0006,0.000292926729869939
75/1281,Ling Shao 0001,0.00029237458728068017
03/2511-2,Hui Fang 0002,0.00029158358702974083
t/ChewLimTan,Chew Lim Tan,0.00029144486681536615
145/1096,Bohan Zhuang,0.000290056176986603
50/8731,Wayne Wu,0.0002899686215064696
52/9457,Chenliang Li,0.0002850450914286722
176/8839,Yonghui Xu,0.0002850424566715829
123/5110,Joey Tianyi Zhou,0.00028453902764213456
92/2954-8,Feng Li 0008,0.00028305055519645134
150/9712,Qingqing Wu 0001,0.000281452600640985
137/8830,Tianlin Li,0.00027973671529140086
31/3668-1,Geng Sun 0001,0.0002797350908955354
88/6731-1,Jie Lin 0001,0.0002785662676353314
12/4846,Liangpei Zhang 0001,0.00027849277736615634
76/4975,Abbas Jamalipour,0.0002781679796216199
178/8725,Baosheng Yu,0.000277199724538822
45/5411,Nan Guan,0.0002745316654393657
50/5489,Wen Song,0.0002737611127478106
14/6306,Rainer Leupers,0.00027351120413744733
13/9079-1,Ke Gu 0001,0.00027294760267648776
122/1682,Juhua Liu,0.00027224958852970063
127/6132,Qianru Sun,0.00027124118063137664
10/4661-12,Wei Zhang 0012,0.00027106818753566713
134/8681,Guozhu Meng,0.0002703606491081007
63/8217-1,Yunhe Wang 0001,0.0002683933800672471
51/3710-165,Yang Liu 0165,0.00026718382890907906
02/2515,Zhongkang Lu,0.00026649748084417435
200/7275,Cen Zhang,0.00026608557788152155
15/1123,Mohsen Guizani,0.0002643857947844959
02/7781-1,Shanshan Zhao 0001,0.0002636806672564338
43/7400,Yufei Xu,0.00026364682059609284
55/4292,Sreenatha G. Anavatti,0.00026305333699253047
16/6533,Yiyu Cai,0.00026267692960299456
84/10716,Guibing Guo,0.00026172679497232516
139/6983,Xiongkuo Min,0.0002610605991461022
95/6812,Zengxiang Li,0.00026089226307671843
281/8186,Yingchen Yu,0.0002603341260546823
40/3865,Chuanchu Wang,0.0002594086149625903
61/9197,Bihuan Chen 0001,0.00025847771289613965
48/9230,Chongjia Ni,0.0002572824581518947
58/9145-1,Shiqi Wang 0001,0.0002564680119831737
79/627-1,Hong Qin 0001,0.0002557052519341202
01/9308,Suranga Nanayakkara,0.00025566728195354005
42/3332,Junsong Yuan 0001,0.0002543413178167244
198/2537,Chaofeng Chen,0.00025327295089667425
331/2274,Yuekun Dai,0.0002518059805004106
95/1161-1,Kun Zhu 0001,0.0002511071897549434
23/108-1,Jiang Liu 0001,0.00025054111045772544
195/8988,Chuanxia Zheng,0.000250196617144044
47/8889-1,Thomas Laurent 0001,0.00024927545712410504
40/7018-5,Yuan Zhou 0005,0.0002475043699812103
181/2839-26,Kai Chen 0026,0.0002470849174590044
02/5336,Gerd Ascheid,0.00024661117503330815
33/1678,Geguang Pu,0.00024639093185473897
15/1777-2,Di Liu 0002,0.0002444151932518103
16/1234-1,Zhuo Zhang 0001,0.00024398558672694391
86/2624,Long Ye,0.00024349168049409394
68/6526,Iti Chaturvedi,0.00024289138324583385
80/1737,Bertil Schmidt,0.00024077612231765706
84/8411,Peilin Zhao,0.00024064913438543993
t/JeanPhilippeThiran,Jean-Philippe Thiran,0.0002392549109824506
73/7055,Yinxing Xue,0.00023899769823880558
n/GeokSeeNg,Geok See Ng,0.0002389778480292243
05/3403-8,Xin Zhou 0008,0.00023877360335727008
207/8653,Shangqing Liu,0.0002371980136495854
149/8306,Zhiwei Zeng,0.00023630059930424663
54/4989-2,Ping Luo 0002,0.00023624485019972443
73/9801,Kok Soon Phua,0.00023581881211083181
215/3264,Qingpeng Zhu,0.00023568559462665948
12/1367,Gabriel Kreiman,0.00023418695963982184
69/6707,Tien Yin Wong,0.00023389066427846727
92/6630,Leida Li,0.00023313231492301973
183/2642,Weisong Sun,0.00023247025558710335
23/1818,Zheng-Jun Zha,0.00023135873530156167
35/4372,Subhamoy Maitra,0.00023125009595042795
230/1216,Henghui Ding,0.0002312155939890182
24/3702,Fei Hou,0.0002305472133913135
89/3076,Chi-Hung Chi,0.00023052650991337476
o/EePingOng,Ee Ping Ong,0.0002304328276806309
97/1049,Michael Lees,0.00023032486664235373
169/7255,Yukun Ma,0.0002298417683621058
29/5255-3,Thong Nguyen 0003,0.00022934647370609527
55/3346,Christian Theobalt,0.00022895857256145395
23/8208-1,Jiayi Zhang 0001,0.00022895303219144968
191/8896,Ziyao Liu,0.00022806049172701244
10/3849,Budhitama Subagdja,0.0002278472888870945
234/8028,Xuansong Xie,0.00022754194365770013
38/803,Chi-Wing Fu,0.0002275377442356059
31/578,Yan-Wu Wang,0.00022750980531378455
84/8761,Nancy F. Chen,0.00022710903654597742
74/7037-14,Liu Liu 0014,0.00022697824641896818
94/190-2,Jie Zheng 0002,0.00022635063966214457
06/4612,Dion Hoe-Lian Goh,0.00022634648249780686
l/XiangYangLi,Xiang-Yang Li 0001,0.00022548982477609762
26/4850,Wen-Jing Hsu,0.0002242410631909333
16/1278-5,Chao Dong 0005,0.000223891080407187
50/8499-1,Haoyu Wang 0001,0.00022386978146179064
272/6439,Qihuang Zhong,0.00022379861016740783
58/7646,Alok Prakash,0.0002232896495919763
266/7958,Jer Shyuan Ng,0.00022321554622962154
q/YuQiao1,Yu Qiao 0001,0.00022299263820605334
28/7717,Yibo Yang,0.0002226983038833044
192/6758,Chunyi Li,0.0002222882603795407
68/10002,Fusang Zhang,0.0002222120842455511
53/803,Linbo Luo,0.0002221737190169589
160/7918,Debjyoti Bhattacharjee,0.0002218891978579746
18/1099,Xinghua Qu,0.0002216993691645733
24/2670,Rick Siow Mong Goh,0.00022151297881824972
97/3742,Guangming Shi,0.00022085081312961025
89/2619,Reynold Cheng,0.0002204547496378464
42/8374,Qingyao Wu,0.00021949071409078444
53/1471,Puay Siew Tan,0.0002190077967429263
60/1416,Wei Zhong,0.00021896715665848117
58/6810-41,Li Wang 0041,0.00021812289300915182
205/7219,Aoran Xiao,0.0002175217059400558
98/5684-3,Wenjie Zhang 0003,0.00021682461713610078
j/ChristianSJensen,Christian S. Jensen,0.00021670653620861798
207/1901,Jianqiang Huang,0.00021654125022158816
j/YaochuJin,Yaochu Jin,0.000216289218781223
147/1229,Ziyuan Zhao,0.0002158159825417576
172/2695,Mengquan Li,0.00021547285209480796
148/9588,Van Tung Pham,0.0002146082746069535
09/5042-29,Wei Sun 0029,0.00021375289230931923
t/KayChenTan,Kay Chen Tan,0.0002136493047329622
91/10215,Xulei Yang,0.00021226959398728263
94/1926,Liang Liao,0.00021150083232747562
95/5912,Guang-Bin Huang,0.00021100157758354864
323/7497,Cong-Duy Nguyen,0.00021097692212680217
182/7262,Anxiang Zeng,0.00021061198317698992
93/8841,Dilip K. Prasad,0.0002104395409595167
35/1228,Masashi Sugiyama,0.00021041359776956394
49/5418,Xiaoli Tang,0.00020961379869246686
95/10112,Diep N. Nguyen,0.0002091926063470718
a/KarlAberer,Karl Aberer,0.00020880287876009007
60/657,Zhongke Wu,0.00020763953646011176
21/8587-2,Chen Gong 0002,0.00020738940042334543
184/2181,Ranjan Satapathy,0.00020647348153574968
118/5100,Neethu Robinson,0.0002058962622764198
06/4171,James Cheng,0.00020563019645219652
07/6149,Zhi-Hong Guan,0.00020555022401756585
89/3136,Susu Yao,0.00020528441543863862
77/8060-1,Yueming Wu 0001,0.00020514154405715837
133/4527,Hongyuan Zhu,0.0002048210993041309
85/3079,Debdeep Mukhopadhyay,0.00020455013428047502
62/6025,Alvis Cheuk M. Fong,0.00020451977300978765
46/3348,Sumei Sun,0.0002037881298011777
67/4236,Jinqiao Wang,0.00020368189971382917
20/4396-1,Jiang Xu 0001,0.00020331230545134294
98/6343-1,Chao Cai 0001,0.0002030643907405731
124/0310,Chunrong Fang,0.00020300803763542423
151/4420-1,Tiantian He 0001,0.0002028573948434603
222/7868,Yuxuan Du,0.00020270532897049697
205/8767,Siyuan Liang,0.0002023588050419596
45/47-9,Qin Zhang 0009,0.0002021527578771772
c/FrancoisPSChin,Francois P. S. Chin,0.00020153467948222454
22/111,David Sanán,0.00020141578102629147
191/2446,Frank Z. Xing,0.00020133683550866633
57/5656,Xiaojun Jia,0.00020125003768006164
71/6948-1,Jianjun Zhao 0001,0.00020068047731216062
05/10163,Jakub Breier,0.0002002134074502111
l/KenliLi,Kenli Li 0001,0.00019970461044968975
343/4311,Jinbo Wen,0.00019888897021210414
g/AlexanderFGelbukh,Alexander F. Gelbukh,0.00019843481078495178
241/4348,Shuo Huai,0.00019805934052580988
239/3478,Yinqiu Liu,0.00019790562699012793
81/9436-1,Da Yan 0001,0.00019778875386081273
42/6896-1,Ting Su 0001,0.00019751441421838643
20/10243,Gongjie Zhang,0.00019737172277652234
45/3426-3,Hong Zhou 0003,0.00019725130417366215
181/2834-46,Zheng Wang 0046,0.0001970993020350156
26/3367-1,Gang Niu 0001,0.00019704082775507835
g/XianfengGu,Xianfeng Gu,0.00019689630538828699
16/3309,Kaixin Xu,0.00019680162617753122
20/2165-8,You Zhou 0008,0.00019659161080130038
77/2970-1,Xin Cao 0001,0.00019643622340188884
242/6467,Seanglidet Yean,0.0001962543450582741
95/2454-1,Xiaohong Liu 0001,0.00019624799532607317
205/3991,Xintao Wang,0.00019579101195291718
08/9937,Yuanqing Zheng,0.00019526207746420378
254/1228,Rundong Wang,0.00019499633487654177
302/4205,Dianwen Ng,0.00019481662463039615
35/4621,Kong-Aik Lee,0.00019478880764505776
64/5725-16,Long Chen 0016,0.00019470921518223623
56/443,Jinghui Zhong,0.00019469262719467995
52/6482,Zhenchang Xing,0.00019464788110640197
86/541-1,Zhenyu Chen 0001,0.00019409810456638753
k/AloisKnoll,Alois C. Knoll,0.00019381296357818737
z/DavidZhang,David Zhang 0001,0.0001935352981182496
09/3493-1,Dong Xu 0001,0.00019344041124167363
89/5503-12,Yi Ding 0012,0.00019221567012467708
237/3528-2,Mohamed Ragab 0002,0.00019128318776853948
12/5913-1,Kai He 0001,0.0001905358849018853
178/9876,Lingjuan Lyu,0.0001905260894775891
m/StephenJMaybank,Stephen J. Maybank,0.00019026170626764376
76/1735,Yixiang Fang,0.00018982924030848015
19/2969-1,Jindong Wang 0001,0.00018959728068887937
87/2948-2,Yuan Liu 0002,0.0001892724838611501
73/1778,Choong Seon Hong,0.00018901956298037197
39/4885,Haifeng Shen,0.00018805302119421607
59/1007,Xiangnan He 0001,0.00018784283428425306
51/4757-3,Kai Han 0003,0.0001877364580909652
256/9091,Yile Chen 0001,0.00018753147563201953
16/1893,Andrzej S. Murawski,0.0001874364274655941
141/0649,Farhad Merchant,0.0001871712181691243
70/1741-1,Lei Xie 0001,0.00018710203049362528
40/5402,Siwei Ma,0.00018683787101165974
252/1240,Wanli Ni,0.00018637236348521008
125/2814,Chenglin Xu,0.00018583775723960227
59/1501,Richang Hong,0.00018574491492628496
50/2484-45,Lei Yang 0045,0.00018560114011962857
71/8042,Xiaoxiao Li,0.00018547129755356795
14/6370-1,Xin Peng 0001,0.00018479881425719941
149/1281-1,Shanshan Feng 0001,0.00018472904591668626
78/3204-6,Feng Tian 0006,0.00018465171323443053
166/0029-2,Xuebo Liu 0002,0.0001843314383146872
93/2671,Wangmeng Zuo,0.00018432371573584176
195/2732,Chengwei Qin,0.0001840193769396686
169/3407,Qinghao Hu,0.00018331553732119373
20/3716,Zhifeng Bao,0.00018326263122661913
16/1325,Chew-Hung Chang,0.00018300307026983866
27/2376,Edwin Hsing-Mean Sha,0.00018278355386673373
150/6350,Hongxin Wei,0.00018261740077876103
82/378-3,Ming Hu 0003,0.00018213374271163694
21/7664,Jianye Hao,0.00018178920619267634
17/1152-5,Wei Feng 0005,0.00018178342128865346
94/7131,Guanghui Wen,0.00018171121945206395
95/5358,Khaled B. Letaief,0.00018113476480041248
122/4814,Qiong Yan,0.00018106855014276427
52/4513,Huaxiong Wang,0.00018104172414431125
59/983-1,Yixin Chen 0001,0.0001806859219976264
15/4777-63,Tao Zhang 0063,0.0001803075198201248
20/4420,Boon-Ping Gan,0.00018010931438847106
50/2484-18,Lei Yang 0018,0.00017945490959695842
76/393,Siu Leung Chung,0.00017931056101573616
16/7565-1,Jie Fu 0001,0.00017930028206592646
72/1999,Heinrich Meyr,0.0001792732493922145
197/4742,Xiangzhong Luo,0.0001792416966754648
188/9082,Yequan Wang,0.00017908714617181963
116/0674,Pengfei Zhou,0.00017904372898919473
72/8614,Yingbo Zhou,0.00017864329093683816
08/2489-1,Xiaohong Li 0001,0.00017835926986292072
55/7960,Yaoyao Ye,0.00017792462343035737
32/6230,Shengli Xie,0.00017756049521798188
71/2308-1,Jun Xiao 0001,0.0001768255210866988
01/2404,Qingyu Yang,0.00017681906220959803
43/3563-1,Xueqian Wang 0001,0.0001766773959894456
121/0867,Haoliang Li,0.0001764484536198346
78/50,Boris Grot,0.00017621044455397433
135/9708-1,Haotian Li 0001,0.00017606772724865541
73/1823,Chuan Sheng Foo,0.00017578613364545385
180/5537,Chien-Sheng Wu,0.00017563537805289798
203/8539,Alexander R. Fabbri,0.00017561846425706977
188/5874,Devamanyu Hazarika,0.00017543092928091667
186/9707,Liangming Pan,0.00017534257009266377
217/2011,Qianyi Wu,0.0001752739237631885
17/7992,Wanli Ouyang,0.00017521793736663107
71/5859,Dinh Phung 0001,0.00017483206301188196
215/5457,Dayan Guan,0.00017476024008527183
d/LingyuDuan,Ling-Yu Duan,0.00017470062264753162
49/5139,Vijay Ramaseshan Chandrasekhar,0.00017462518492197742
z/XiaoqinZhang-2,Xiaoqin Zhang 0002,0.00017432149516195144
05/3403-3,Xin Zhou 0003,0.00017408453679272151
07/954,Zhenzhong Chen,0.00017375251489452963
46/1165,Haijun Wang,0.00017365989812608427
94/60,Hongfang Yu,0.0001735511100708442
147/5824-1,Hongxu Chen 0001,0.0001733668020097498
146/4832,Hao Kong,0.000173346779094072
55/5031,Bin Cui 0001,0.00017307917431011162
y/XifengYan,Xifeng Yan,0.00017253196291938455
28/6937-1,Yong Xiao 0001,0.00017241947501967254
20/8038-2,Yixin Cao 0002,0.0001723501962676632
39/3695,Xiaochun Cao,0.0001723240383050214
98/6997,Zeng Zeng,0.00017230886081681603
153/2952-2,Jiahui Li 0002,0.00017204812200032095
83/5342-5,Min Zhang 0005,0.0001720436746259623
65/657,Hengjie Song,0.0001719870073357442
94/4423,Xun Yi,0.0001719770015207598
63/1534-21,Xu Yang 0021,0.00017188124955048472
228/2769,Kelvin C. K. Chan,0.00017100443354926473
y/JaneYou,Jane You,0.0001708160466078027
01/8056,Jinjian Wu,0.00017069683726758512
g/WenGao,Wen Gao 0001,0.00017030111474902854
200/9134,Zhonghua Wu,0.00016996971714831834
84/4388,Shuxin Li,0.0001699629142686347
86/5681,Rongrong Ji,0.0001696259900555228
08/3377,Saravanan Ramanathan,0.0001695850147606456
271/8391-1,Yilun Zhao 0001,0.00016954613648709614
202/8872-1,Anran Li 0001,0.00016874005051994908
118/5482,Jiaxing Xu,0.00016832638628240046
02/4647-6,Chao Ren 0006,0.00016831551860724012
81/3569-1,Hao Fei 0001,0.00016808635660262378
129/1217,Semih Yavuz,0.00016735661391484402
o/FrederiqueEOggier,Frédérique E. Oggier,0.00016707308061320356
91/6236-1,Xiaogang Wang 0001,0.00016689336488334212
07/2864-2,Rui Yin 0002,0.0001666163219464161
24/441,Robin Cohen,0.00016659138149702617
07/4182-0001,Chun Chen 0001,0.00016595741978594727
83/663-4,Jing Tang 0004,0.0001658940593783779
198/3608,Navonil Majumder,0.00016541627711157483
37/5474,Roshan Lalintha Peiris,0.00016532192058560879
77/3270,Wei Bian,0.0001652698119185195
155/2883,Rongliang Wu,0.00016525845018845994
09/3625,Mehdi Bennis,0.00016496561640275055
44/740-3,Jiaqi Wang 0003,0.000164839360380017
16/6465-9,Cheng Li 0009,0.00016449465338633215
25/3482-2,David Chen 0002,0.00016421661602608012
131/4074,Jiahui Zhang,0.0001641478865653865
169/9975,Bryan Hooi,0.00016395259452980923
152/8201,Xiucheng Li,0.0001639274343749008
23/1112-1,Weifeng Liu 0001,0.00016389060536751393
44/3549-1,Trung Hieu Nguyen 0001,0.00016372734510008546
277/9378,Bosheng Ding,0.0001635111576703096
194/2946,Xiangyu Ke,0.0001633899963815987
41/6237,Walid Saad,0.00016293689909474004
f/SchubertFoo,Schubert Foo,0.00016277717841192422
14/1705,Yunhai Tong,0.00016275232416711405
47/7598,Nimesha Ranasinghe,0.00016255145442022864
218/6513,Andri Ashfahani,0.000162389766955104
23/6574,Terence Hung,0.000162389113922387
67/463,Meng Fang,0.0001623185961284577
50/3147,Jiajun Bu,0.0001621632446642781
47/11423-1,Qiming Zhang 0001,0.00016193473766021866
98/69,Mingyuan Zhang,0.00016185544207198788
16/355,Pierre Vandergheynst,0.00016183197791991657
28/4847-4,Wenbo Wang 0004,0.00016174011302076569
53/1565,Xiapu Luo,0.00016162901104438198
20/5565,Damon Wing Kee Wong,0.00016161371973028005
77/2428-3,Ping Zhang 0003,0.00016145215691166297
23/2089,Ke Yu,0.00016118054520853506
250/3864,Yi Hao Chan,0.00016099497377566326
82/8861,Rajendra Prasad Sirigina,0.00016097754776915135
s/JiaGuangSun-1,Jia-Guang Sun 0001,0.0001607036929557424
59/4107,Xindong Wu 0001,0.00016055507309780507
37/4190-55,Yang Li 0055,0.00016047972741479931
218/5224,Zonghang Li,0.00016030576206596886
r/DragomirRRadev,Dragomir R. Radev,0.00015997757623329917
43/1219-1,Ke Yi 0001,0.00015965184371820836
28/6239,Yusen Li,0.00015938548303909213
45/4154,Insik Shin,0.00015929528846456105
07/314-1,Jian Zhang 0001,0.00015929414785081933
32/32,Wei Ma,0.00015908242188229421
144/7556,Daoyuan Wu,0.00015846612455789255
t/PhilipHSTorr,Philip H. S. Torr,0.00015837279945916501
54/6827,Zhiwei Xiong,0.00015821497723538373
10/5630,Xin Wang,0.00015805701444888894
r/IanDReid1,Ian Reid 0001,0.00015771921085583717
73/4145,Meng Joo Er,0.00015771870338347825
76/2502-1,Ming Gu 0001,0.0001567566746191185
01/4449-1,Zhiguo Cao 0001,0.00015674365375595122
50/2082-17,Yang Zhao 0017,0.0001567166588359726
04/4493,Shuo Sun,0.00015589904058360454
56/8278,Jiashi Feng,0.00015554235047329345
26/3470-3,Qian Sun 0003,0.00015538521334170497
47/3024,Min-Hsiu Hsieh,0.00015526436270036498
251/7214,Teng-Fei Ding,0.00015505566579211062
72/7440,Jiazhi Xia,0.0001550420324740831
27/7017-27,Peng Chen 0027,0.00015503218162257024
12/417-16,Hui Chen 0016,0.00015496698532682096
181/2323,Yan Sun,0.00015459805256731377
219/5327,Peiqing Yang,0.00015457857892823936
49/4096,Wenping Wang,0.00015457347299016174
n/FelixNaumann,Felix Naumann,0.0001545659663868719
73/7781,Baoyuan Wu,0.0001544732060703752
l/InsupLee,Insup Lee 0001,0.00015442844898956977
39/10651,Ruitao Feng,0.0001543856693153024
120/7554,Zhipeng Luo,0.00015411162439113796
121/8989,Shuang-Min Chen,0.00015396470975013855
89/3991,Xu He,0.00015392627510089725
19/1947,Preslav Nakov,0.00015367701331788218
131/9490-1,Youzhi Zhang 0001,0.00015350955818527366
03/2515,Kalyani Chatterjea,0.00015346190191722092
12/116,Wenshan Hu,0.0001534613138167738
171/1258,Kailong Wang 0001,0.00015334770984837024
90/549-1,Zhaohui Yang 0001,0.0001533077092478583
94/957,Agustina,0.00015307995980130932
71/4476,Enamul Hoque,0.00015303278136353824
62/6846-2,Yao Sun 0002,0.00015287526366221821
74/1798-1,Yuan Miao 0001,0.00015278187089485956
10/2453,Xiaofeng Yang,0.00015228220404749215
117/6987,Wen Jun Tan,0.00015227449330406948
33/7597,Kening Zhu,0.00015203444945780943
97/4637,Jon Garibaldi,0.000151608587726036
75/7384,Jun Jia,0.0001516018489168387
275/1523,Yijing Lin,0.00015139625810075698
22/7733,Qiong Cao,0.0001513755275305758
88/4302,Jun Jiang,0.00015130707693747329
08/162,Aung Aung Phyo Wai,0.00015122185388421252
268/6752,Daxuan Ren,0.00015115432376234492
239/6045,Wayne Zhang 0001,0.00015110293902696403
77/10205-1,Hongliang Zhang 0001,0.0001508149864675257
84/3254-1,Fei Wu 0001,0.0001507785420250987
05/4824,Roy E. Welsch,0.0001506297363878033
95/3736-36,Jun Liu 0036,0.00015033880915862478
71/2764,Eryk Dutkiewicz,0.0001503123570716899
184/7483,Yulan Gao,0.00015024418960322142
40/1491,Xiang Li,0.0001501222639941257
317/0657,Xuan Long Do,0.0001499566448396997
67/229-3,Kai Niu 0003,0.00014952975086423813
58/6576-1,Xiaofei Wang 0001,0.00014930028926108942
88/8205-1,Tianyi Zhou 0001,0.00014923287672288972
150/5634,Changyan Yi,0.00014888521279133004
67/8628-1,Liming Jiang 0001,0.00014875445521828217
79/3711,Ming-Hsuan Yang 0001,0.00014852756564037934
71/3256,Ta Nguyen Binh Duong,0.00014848591575335966
55/6071,Chi Keong Goh,0.00014847010027521252
190/2868,Yaowen Zheng,0.00014827859619666298
198/4455,Zongsheng Yue,0.00014807411700794667
67/1220,Goutam Paul 0001,0.00014798996980657663
279/6151,Xinshuai Dong,0.00014783320183152832
83/820-1,Feng Shao 0001,0.00014762699773701967
85/3714-2,Ya Zhang 0002,0.00014753857617820954
17/8472,Philipp Andelfinger,0.00014752254605962943
218/7793,Yueting Zhuang,0.00014737849215832506
140/7434,Kaiyu Feng,0.00014701382882718563
78/1102-3,Shuo Yang 0003,0.00014684788666756985
49/4409,Chunhua Xiao,0.0001468476243868801
16/6654,F. Richard Yu,0.00014648404157083345
159/1492,Yutao Jiao,0.00014621013378125433
21/1340,Xiaowen Wu,0.00014561197150460989
45/2091-1,Yao Zhao 0001,0.00014559471526763115
42/9851,David Eckhoff,0.00014559201953630497
10/4661-82,Wei Zhang 0082,0.00014536870467243165
75/3158-19,Zhe Wang 0019,0.00014523027641587016
194/1299,Alice Baird,0.00014519101282345275
72/7503-1,Shuai Yang 0001,0.00014515639051858824
192/4964,Yaoxin Wu,0.0001451279836723222
232/2265,Hongyuan Yu,0.0001450995105408868
133/1975,Jiarui Gan,0.00014500874536488924
31/2621,Edith Elkind,0.00014471625252074347
44/3470,Yiqun Hu,0.00014469866784549772
38/1993,P. Balasubramanian 0001,0.00014456844607171738
295/9208,Emadeldeen Eldele,0.0001442508263633486
t/DanielThalmann,Daniel Thalmann,0.00014417834319158958
71/4292-1,Gang Wang 0001,0.00014416848289257932
25/1221-1,Xiaoguang Liu 0001,0.00014416848289257932
73/4373-1,Ming Tang 0001,0.0001440740246681885
225/5519,Daqing Liu,0.00014393620902410567
57/6221-6,Sen Zhang 0006,0.00014374672916430515
91/620,Duo Liu,0.00014373298892590746
62/411,Teck Meng Lim,0.00014364376184395632
16/1184,Xinge You,0.00014348669326078232
74/3128-3,Chong Zhang 0003,0.0001434539005416371
46/5508-2,Xu Guo 0002,0.00014331451795262642
73/8538,Chenwei Deng,0.0001429709434678557
183/6792,Yanbing Yang,0.00014265878110740886
59/2741,Xiang Bai,0.00014261552673438995
241/6064,Xinhang Lu,0.00014252577367957116
203/0155,Md Meftahul Ferdaus,0.00014215041509125806
85/1201,A. Kai Qin,0.00014204667697519202
150/6633,Shuai Yi,0.00014195735667976768
46/8076,Wenwei Zhang,0.00014163433634904382
72/5816,Huanhuan Chen,0.00014162019921982907
12/7627-1,Xinfeng Zhang 0001,0.00014158553695162016
83/1191-1,Jung-Jae Kim 0001,0.0001415105585885861
120/8258,Effie Chew,0.00014149584715654524
165/2982,Yulei Niu,0.00014138416022815492
52/5716-40,Chang Liu 0040,0.00014133402540710414
22/1460,Hanwu Sun,0.00014126761682651496
260/7515,Mingjing Qi,0.00014119364377636524
243/6550,Lukas Stappen,0.00014095573993884572
75/3158-6,Zhe Wang 0006,0.00014065537681112842
77/2927,Pengcheng Wu,0.00014057065154077334
11/5166-1,Wei Qiu 0001,0.0001405241801874471
34/6669,Kuiyu Chang,0.00014049361686961295
20/3849,David Kammler,0.00013966127283133296
x/JianliangXu,Jianliang Xu,0.00013955454466547116
51/4299,Haibo He,0.00013948717288457207
293/7155,Longtao Zheng,0.00013945951005572195
66/6604,Zhiyong Lu,0.00013938642098412324
17/144-2,Haitao Liu 0002,0.00013908569552279133
204/3375,Sijie Ruan,0.00013900826319253635
90/343,Liang Pan,0.00013898722475834754
y/PhilipSYu,Philip S. Yu,0.00013897625755031066
302/3974,Shaolun Ruan,0.00013889325817368232
50/671,Yu Zhang,0.00013884258488511473
227/0291,Shaoxiong Ji,0.0001388339250532758
62/6547,Simon See,0.00013881664730022259
96/2615-6,Ye Liu 0006,0.0001386363836221218
218/5222,Huaizheng Zhang,0.00013853274255156437
35/814,Guoying Zhao 0001,0.00013831060197075644
31/7025,Mengling Feng,0.00013823980586082717
121/1326-2,Mengmeng Yang 0002,0.00013820948900277857
199/9811,Swaminathan Ramabadran,0.00013792672085506403
74/4904,Qingyu Guo,0.00013764548423183824
84/8949,Xiwu Zhan,0.00013754232413484355
170/9614,Christopher Hain,0.00013754232413484355
124/2136,Long Lan,0.00013752973489626976
229/2908,Qika Lin,0.00013746548901665524
h/ThomasSHuang,Thomas S. Huang,0.00013733712936017526
36/1648,Huiyu Zhou 0001,0.00013728132553777545
92/972,Andrew Lim 0001,0.00013708294758239258
78/5816-2,Jun Cheng 0002,0.0001370663675000312
69/732,Xingce Wang,0.0001368895349756015
137/2585,Xuequan Lu,0.00013669610818349963
54/711,Jian Jin,0.00013659136396972253
179/3256,Nitin Shivaraman,0.0001365209652363178
167/2089,Simeng Han,0.00013630760772894042
288/0985,Kaiwen Cui,0.00013620754121817973
55/2270-48,Hao Zhang 0048,0.00013604129740129824
48/450-2,Yang Yang 0002,0.00013597623838686393
83/2660,Suhaib A. Fahmy,0.0001359611879516976
29/3081,Fan Yang,0.00013595162265764377
08/4900,Siwei Jiang,0.00013583212611764441
18/6839,Tan Wang,0.00013573865099991177
142/9150,Aston Zhang,0.00013565868857821483
68/2031-2,Wei Rao 0002,0.00013549163273448523
147/1237-1,Jieming Shi 0001,0.0001354057852045635
92/8277,Liqiang Nie,0.0001353329901426635
140/3806,Yidan Sun,0.00013513818758491375
276/3216,Annan Wang,0.00013512242951182297
45/4163-1,Abdul Wahab 0001,0.0001350864995192425
03/5597,Lap-Pui Chau,0.000135045781276598
98/3034,Susanto Rahardja,0.00013490042155525663
241/0472-3,Bo Han 0003,0.00013462309764338782
36/3071-2,Xiaoming Li 0002,0.00013458634308895123
63/7379-2,Suresh Sundaram 0002,0.0001342544925690907
71/208-7,Shuai Zhang 0007,0.0001342461941579071
201/5229,Haiyun Peng,0.00013424251178754853
62/3,Lluís Màrquez,0.00013410404446316347
74/3148,Longbiao Wang,0.00013406108255335604
03/1312,Nguyen Hoang Tran,0.0001339323826922669
01/5858,Yang Gu,0.00013376191210958017
83/7910,Chengwen Xing,0.00013360098559775334
10/7647-2,Amit Kumar Singh 0002,0.00013354987851277086
146/6418,Fengmao Lv,0.0001333692691969836
50/2484-59,Lei Yang 0059,0.00013332924105409662
61/7591,Peiran Ren,0.0001329866445716189
325/4320,Xuanyu Yi,0.00013289560003446364
10/217,Cheng Chen,0.0001328302491434105
280/2872,Haobo Yuan,0.00013281736638696897
36/1075,David Sun,0.00013274941725952875
30/4561,Subhasish Mitra,0.00013270816613099624
72/5872,Xiaoxin He,0.00013269903181228627
96/2615-12,Ye Liu 0012,0.0001325133802834369
257/4822,Jinjie Ni,0.00013246249978463335
91/283,Marius Erdt,0.00013240568595355702
o/BengChinOoi,Beng Chin Ooi,0.0001322917331501767
34/117,Chi Xu,0.00013228805739450033
146/0878,Mohammad Abu Alsheikh,0.000132116812603472
174/3780,Jingzhi Hu,0.00013206562661512343
253/2147,Ruochen Zhao,0.00013203810228136283
284/0807,Zheng Shou 0001,0.00013199955297898839
166/1912,Minhui Xue 0001,0.00013185801898801182
203/8513,Haiyu Zhao,0.0001317001933954387
51/1764,Ngan Meng Tan,0.0001316255204281749
39/3864,Zhiyuan Hu,0.00013157188367856904
48/4914,Shuguang Cui,0.00013140771754707075
170/4080,Quoc-Viet Pham,0.0001313290444122099
256/5052,Yuzhou Cao,0.0001313249409843191
97/6316,Ling Shi,0.00013126329143303328
c/ShihFuChang,Shih-Fu Chang,0.0001311461413277829
173/4935,Jiuxiang Gu,0.00013089333520681468
78/5816-3,Jun Cheng 0003,0.00013086485409629847
23/11077,Xiaohu Wu,0.00013080208326756156
252/5270,Xuan-Phi Nguyen,0.00013048616020896168
75/1683-2,Gang Yu 0002,0.00013023963385664475
30/10768-3,Cong Wu 0003,0.00013012680169587214
17/1464-1,Xiaohu You 0001,0.00012990926071571794
228/7001,Aoyu Wu,0.00012973157186834492
40/3934-4,Dong Wang 0004,0.00012967568343630223
12/1198-28,Jie Yang 0028,0.00012955108748357756
328/0688,Qianxiong Xu,0.0001293834189063309
65/4124-3,Ju Wang 0003,0.00012938251423152077
37/10606,Lisi Chen 0001,0.0001292091430787428
128/0928,Allan NengSheng Zhang,0.00012917961647621753
50/3402-26,Bo Li 0026,0.00012893536857606967
37/8192,Hamid Rezatofighi,0.00012891665121029936
149/0439,Qiuping Jiang,0.00012885866754863706
76/1820-9,Xin Liu 0009,0.000128721944666977
132/8947,Sharath Chandra Guntuku,0.00012829852888915992
r/JeffreySRosenschein,Jeffrey S. Rosenschein,0.00012818499255497505
145/2071,Helin Yang,0.00012809619820034154
71/6601,Wei Guo,0.00012809040718399147
229/7323,Yubo Ma,0.00012785685244360938
71/5802,Michel Pasquier,0.00012775121913759298
68/6119,Kok-Leong Ong,0.00012756904927968419
96/4490,Sebastian Steinhorst,0.0001275128606912456
151/7509,Jiaxin Shi,0.00012743281701400487
24/4105-2,Wei Wei 0002,0.00012710282820725972
75/4085,Mérouane Debbah,0.00012709476699495405
181/2734-4,Feng Zhao 0004,0.00012701852579137638
150/6757,Guanyu Gao,0.0001266611565472426
249/8316,Nandish Chattopadhyay,0.00012659703262129563
11/383-1,Gang Sun 0001,0.0001265258541254599
28/9430,Wan Du,0.00012650732232508322
w/LeiWang5,Lei Wang 0005,0.0001262440842446857
64/5845-1,Yuan Yuan 0001,0.00012624185196522935
40/4886-1,Xingbo Wang 0001,0.000126031909032493
y/JianYang3,Jian Yang 0003,0.00012585922388934917
210/2646,Runsheng Yu,0.0001257225943821034
59/4321,Matthew Hague,0.0001254310441379123
161/0817,Tony F. Wu,0.0001252411257845467
48/6697,H.-S. Philip Wong,0.0001252411257845467
92/2954-2,Feng Li 0002,0.00012509863483222398
151/4529,Weiwen Jiang,0.0001250883506015275
58/2893-6,Lu Yang 0006,0.00012478971475706353
96/6496,Xiaofeng Tao,0.00012472080735146093
84/3795,Nan Li,0.00012458553376478145
127/2956,Guangliang Cheng,0.00012454890069002854
146/8088,Xuying Meng,0.0001244114961120827
42/312,Paolo Gastaldo,0.0001244095649151182
85/6381,Thomas W. Sederberg,0.00012440843799305866
97/164,Chao Feng,0.0001244020707394998
127/2364,Mustafa Khairallah,0.00012439756048275536
178/8719,Mengchen Zhao,0.00012437831167517405
231/4867,Quanjun Zhang,0.00012429729081993033
183/6637,Chongwen Huang,0.00012426170379822624
193/6773-1,Junnan Li 0001,0.0001241909420551131
48/7536-2,Chenguang Zhu 0002,0.00012414200405578416
329/5838,Jia Qi Yip,0.0001240709409433637
187/5695,Hengcan Shi,0.00012403937264445378
s/YuliangShi,Yuliang Shi,0.00012401684927453282
83/7953-1,Naina Gupta 0001,0.00012393718705669036
181/2812-94,Hao Wang 0094,0.00012390392363224108
237/4601,Jiale Guo,0.0001238703213401695
69/1799,Gangyi Jiang,0.00012385767681099156
181/8442,Karen Sui Geok Chua,0.0001236732130930992
43/656,Tao Liu,0.00012360256131488005
183/3731-1,Yicheng Wu 0001,0.00012356325990876883
33/7046,Jialie Shen 0001,0.00012355463867575888
54/799,Cheng Peng Fu,0.00012352988605940094
84/10047,Siyi Wang,0.0001235251954074972
64/6025-190,Wei Li 0190,0.00012345899823799927
94/4754,Tomi Kinnunen,0.00012344781871181316
79/1648,Matej Kristan,0.00012344323498623754
196/3616,Yongcheng Jing,0.0001233862103702318
37/7763,Yuanyuan Chen,0.00012335125048559028
174/3471,Zheng Hui Ernest Tan,0.00012331970144388308
82/6302,Yiwen Chen,0.00012331854786901296
66/6819,Chonho Lee,0.00012328768935948814
246/5846,Xiaobao Guo,0.00012313089610463423
n/KingNgiNgan,King Ngi Ngan,0.00012302505897290034
20/2039,Ming Liu,0.00012302454991665478
24/2634,Maylor K. H. Leung,0.00012299086941643719
78/4802,Xinghuo Yu 0001,0.00012295281568431437
116/8682-7,Shuai Zhao 0007,0.0001229025248379598
10/2381-2,Yan Zheng 0002,0.00012288274941517826
275/3790,Zhongqi Yue,0.000122836902109972
324/4741,Shengchao Hu,0.00012267228749721963
189/7103,Guoxian Song,0.00012225295537140104
149/3281,Xue Geng,0.00012220781165131806
51/4757-2,Kai Han 0002,0.00012209856420954473
46/10222,Cuiyun Gao,0.00012169638854691806
128/3106,Suman Deb,0.00012167415639936758
169/5440,Zhaoxin Chang 0001,0.00012150091081598378
234/3026,Eranga Bandara,0.00012124700236191031
197/2060,Haiqiang Fu,0.00012105207039636161
03/5337-1,Jianjun Zhu 0001,0.00012105207039636161
23/3610,Rodolfo Zunino,0.00012104474179553952
69/2834,Zhiming Li,0.00012092990987675313
191/8685,Zelei Liu,0.00012087339545719828
174/7880,Changhai Ou,0.00012081439413107985
46/3359-1,Wenjun Zhang 0001,0.00012069944390727565
09/4991,Leonid Sigal,0.00012069201593515215
21/2715-31,Lei Liu 0031,0.00012064475561708615
53/6044,Meritxell Bach Cuadra,0.00012060660241531463
132/8514,Jianxiong Yin,0.00012050122327820676
75/1099,Beihong Jin,0.0001204445689063245
04/6901,Meng Zhang,0.0001204254087605677
27/9060-1,Lingfei Wu 0001,0.00012027076636609527
06/4240-13,Zhe Chen 0013,0.00012015185214534232
n/MinhNgocNguyen2,Minh Ngoc Nguyen 0002,0.00012010814786821196
45/794,Jie Gui,0.00012003181619807935
08/7637,Fuyuan Zhang,0.00011977182908368882
277/6282,Heqing Zou,0.00011974378770265214
190/7027,Huimei Han,0.00011968495980192484
151/8696,Warut Suksompong,0.00011966683575332527
18/5410-23,Di Wang 0023,0.0001195874965788762
91/6118,Deian Stefan,0.00011940289107780092
29/4638,Chang Wen Chen,0.00011939952350944841
119/4026,Zhangyang Wang,0.00011932600228664326
130/2468,Haiyan Yin,0.00011927000370717266
t/FrancescaToni,Francesca Toni,0.00011912245014280652
158/1975,Peilan He,0.00011905953810857438
157/8128-6,Yuan Xie 0006,0.00011898913451262959
53/2189-29,Li Li 0029,0.00011886031399871429
160/6387,Guangda Huzhang,0.00011869594229208646
195/8270,Xingjun Ma,0.00011868564180478807
48/9282,Hau Chan,0.0001184554663128598
64/1774,Xutao Li,0.00011838552876316517
06/5822,Heiko Aydt,0.00011833554935419473
250/2806,Renchunzi Xie,0.00011832672311690696
150/4290,Jiacheng Wei,0.00011832526220477877
238/0094-1,Zonglin Yang 0001,0.0001182621558091505
144/3323,Shengxin Liu,0.00011808935075476439
33/85-12,Qian Liu 0012,0.00011808694230377562
g/PhilippaGardner,Philippa Gardner,0.00011807409812352753
58/3960-1,Peng Song 0001,0.00011802012868247076
26/2578-1,Rui Zhao 0001,0.00011793945963994711
94/3019-17,Chao Zhang 0017,0.0001179105000928895
274/2297,Yushi Cao,0.00011790128040797056
118/9750,Ravi Subramaniam,0.00011783306062810644
76/2625,Zehua Zhang,0.00011769727993828502
20/6179-1,Kui Ren 0001,0.00011754801148522459
54/2420-2,Wenyu Chen 0002,0.00011752374310130014
82/2248,Hao Sun,0.00011749444590760478
170/1654,Changgong Zhang,0.0001174929222054993
244/2438,Sabari Nathan,0.00011745762038766458
259/6990,Zhuoyi Lin,0.00011741639175332276
10/3757,Yichuan Jiang,0.00011733262154208785
251/2060,Wanqi Xue,0.00011729814863242432
125/6699,Zhengyu Lin,0.00011721013805169366
308/7916,Jing-Zhe Xu,0.00011703863485546391
132/8062,Weidang Lu,0.00011691396734006498
76/5789,Shuai Liu,0.00011679820488261425
277/0697,Lukas Christ,0.00011665580882503822
72/2590-48,Jing Liu 0048,0.0001166394658112592
42/8333,Yichao Jin,0.00011663560064817991
41/3249-7,Wentao Zhang 0007,0.00011657215350588019
172/5484,Yuze Zou,0.00011655229225022393
10/4950,Lizhuang Ma,0.00011643131589494837
29/5782-1,Quan Yuan 0001,0.00011635692536089664
178/1416,Ke Xian,0.00011634834227763933
96/7401,Junyu Liu,0.00011632205236994546
256/5081,Chang-Duo Liang,0.00011625180626711711
41/3461,Junjie Yang,0.00011606352898386271
52/328-1,Di Wu 0001,0.000115871364849716
94/6830,Pao-Ann Hsiung,0.00011572905753543333
245/5582,Zhuang Jia,0.00011533740711478172
50/671-4,Yu Zhang 0004,0.00011532771801388766
196/7269,Kaihua Tang,0.0001152363892450142
53/8073-1,Haipeng Chen 0001,0.00011503653589547122
96/7595,Hesuan Hu,0.00011494183238677096
75/6874,Monika Seisenberger,0.00011486487598864283
56/6651-1,Lina Yao 0001,0.00011475068972250412
r/MarkORiedl,Mark O. Riedl,0.00011474617865500223
73/2476,Luming Zhang,0.0001147317111228878
37/8121,Zoltan Endre Rakosi,0.00011448074015592928
41/3281,Dongjin Song,0.00011441409099676993
41/6129,Ing Yann Soon,0.00011424717205741109
12/1198-2,Jie Yang 0002,0.00011419543949239158
07/1951-5,Jing Xu 0005,0.00011413767644576416
l/JingLi34,Jing Li 0034,0.00011406617804931478
139/8082,Huan Fu,0.00011395407597063869
40/4823,Huiqi Li,0.00011393672096548474
86/896,Chunjing Xu,0.00011387155922902489
87/2834,Tao Bai,0.0001138375540160775
211/7010,Xiaohang Zhan,0.00011382262179109424
56/954,Anoop Kumar Krishna,0.00011380780917800182
96/3115-1,Kun Zhang 0001,0.00011378711366483605
120/4095,Yuchen Fan,0.00011375731677225478
26/5200-1,Ding Liu 0001,0.00011375731677225478
84/2644-1,Jingren Zhou 0001,0.00011370317049892602
54/3836,Bolan Su,0.00011365408918958364
204/3003,Kangjie Chen,0.00011365117705426203
71/11286,Rosa Q. So,0.00011346235940780363
231/7630,Jiangmiao Pang,0.00011337629952975981
75/157,Zuohua Ding,0.00011327577777854353
32/9530-1,Qingshan Xu 0001,0.00011324896954225044
77/4730-8,Zheng Fang 0008,0.00011312365925025091
172/1282-2,Xiangyu Xu 0002,0.00011311049224987422
48/5141,W. L. Tung,0.00011308672018660238
91/8171,Shirui Pan,0.00011307202037495127
10/10222-1,Zhenyi Wang 0001,0.00011305277560605157
80/3549,Boon-Chong Seet,0.00011292944294662253
n/SKNandy,S. K. Nandy 0001,0.0001128969688872896
241/9593,Jiangning Zhang,0.00011283618368734455
05/6184,Tzu-Yi Hung,0.00011280149851114098
p/JianPei,Jian Pei 0001,0.00011276424187730942
93/4472,Yap-Peng Tan,0.0001127285738073899
06/2736,Abhik Banerjee,0.00011272615678273875
24/5818,Yu-Gang Jiang 0001,0.00011269661627461597
179/2548,Shan You,0.00011265765385095487
61/5017,Luc Van Gool,0.00011265000919481041
28/2344,Imiyage Janaka Prasad Wijesena,0.00011249492764266122
57/145,Wenjun Zeng 0001,0.00011245090618822203
202/9216,Jiakai Wang,0.00011241594168720245
78/2022,Kai Wang,0.00011237560611762622
86/5306,Santanu Sarkar 0001,0.00011235165509495518
276/3246,Jingwen Hou,0.00011234936956286378
17/2703-1,Jie Li 0001,0.0001120978392689302
52/6744,Shuigeng Zhou,0.00011208906882178229
20/1255,Qiang Guan,0.00011190419087364089
99/10610,Zoebir Bong,0.00011187129244876152
33/10570,Ayesha Khalid,0.00011167378686473262
49/2992,Étienne André,0.00011165403972655882
64/6544,Yi Zhang,0.00011163743974754066
184/4312-1,Haoyu He 0001,0.00011162834288458067
w/ZhengWang20,Zheng Wang 0020,0.00011147889635894329
244/9659,Yehui Tang,0.00011142775096157523
139/7033,Chenyu Liu,0.00011138431874411138
79/1490,Roger Zimmermann,0.00011135691646907805
75/11480,Ryan K. L. Ko,0.00011130421338168414
222/5594,Lyuye Zhang,0.00011126892199658305
06/5687,Hongwei Chen,0.00011109077656635421
30/5587,Xiu-Ling Liu,0.00011104488605089
127/6172-1,Kaiqi Zhao 0001,0.00011100674159828524
41/1572,Yingjie Zhou,0.00011082676486329583
121/4554,Hwajeong Seo,0.00011080005449158062
46/2005,Ning Wang,0.00011071139720141764
92/10031,Rakpong Kaewpuang,0.00011063836093493036
139/0725,Xian Wei,0.00011049628023616237
29/11273-1,Pengfei Wei 0001,0.00011044231841839005
92/10934,Fumin Shen,0.00011041257268039231
80/1035-1,Dan Chen 0001,0.00011034193460960726
158/4231,Kele Xu,0.00011033299363391206
236/6258,Yuedong Chen,0.0001103232026224305
m/SanjayKumarMadria,Sanjay Kumar Madria,0.00011031130550070871
38/616,Matthew A. Garratt,0.00011023946295809195
88/609,Marco Di Renzo,0.00011018840889284571
08/6749,Stephanus Daniel Handoko,0.00011015922472524564
j/NicholasRJennings,Nicholas R. Jennings,0.00011014618093636352
h/ThomasCHenderson,Thomas C. Henderson,0.0001101459497904278
176/6479,Shangwei Guo,0.00011013444784437885
04/6217,Huadong Ma,0.00011011377618393621
134/9314-1,Chaojie Wang 0001,0.000109987848163449
03/9488,Chaojie Li,0.00010998298866647497
209/8084,Zemin Sun,0.00010996461431357507
48/6213,Gary Kee Khoon Lee,0.00010988842649075794
257/4507,Wanqi Yin,0.00010987505720767149
57/4080,Olga Sourina,0.00010987046405570195
230/4012,Chao-Han Huck Yang,0.00010986169711162495
274/0724,Weiming Zhuang,0.00010984784556453894
m/PattieMaes,Pattie Maes,0.00010981685979816239
07/2668,Michael M. Bronstein,0.00010978142521907951
29/6497-6,Zhuo Chen 0006,0.00010953839934039054
51/2525-1,Yuanqing Li 0001,0.00010952191413685537
36/3855,Eric P. Xing,0.00010950929161744909
304/8801,Wei Chong Ng,0.00010940734166712835
159/5446,Muhammad Anwar Ma'sum,0.00010925684477664166
33/3675,Ping Chen,0.00010883110469226846
222/9407,Xingxuan Li,0.00010882910853712059
32/749-1,Erli Zhang 0001,0.0001088015199797854
00/3188,Jianping Shi,0.00010879185057607806
200/8525,Mathieu Ravaut,0.00010877530611345837
87/5809,Zhe Zhang,0.00010869953185657407
17/4590,Zexuan Zhu,0.00010864815630742477
33/8253,Yuchen Chen,0.0001084721313151257
29/8349,Dafeng Zhang,0.00010831866458429495
92/1942,Rui Yang,0.00010814009006503744
84/4982,Qijun Deng,0.00010808242766171081
