pid,name,degree_score
24/8616,Radu Timofte,0.029616052479259115
191/5298,Shangchen Zhou,0.021609106694964304
169/5585,Chongyi Li,0.017267991510708083
174/9678,Hongyang Du,0.01644800308701524
134/1620,Ruicheng Feng,0.016351533860698438
145/4239,Jiawen Kang 0001,0.01586918772911441
25/3038-5,Qing Guo 0005,0.014373914721203935
54/6827,Zhiwei Xiong,0.014132741655411923
174/9863,Zehui Xiong,0.014036272429095118
05/3499-37,Jing Zhang 0037,0.013505691684352691
43/7400,Yufei Xu,0.013312753231719082
79/3711,Ming-Hsuan Yang 0001,0.01326451861856068
232/2265,Hongyuan Yu,0.012589234034343044
93/2671,Wangmeng Zuo,0.01229982635539263
16/9879,Wenxiu Sun,0.012251591742234226
61/5017,Luc Van Gool,0.012251591742234226
79/1648,Matej Kristan,0.01210688790275902
61/1140,Jinwei Gu,0.011962184063283813
05/6300-2,Ziwei Liu 0002,0.011817480223808605
91/3680-8,Li Shen 0008,0.0117210109974918
03/5204-1,Xinmei Tian 0001,0.011479837931699788
73/7781,Baoyuan Wu,0.01133513409222458
82/6362-1,Qiang Yang 0001,0.011190430252749373
16/1278-5,Chao Dong 0005,0.011142195639590971
215/3264,Qingpeng Zhu,0.010997491800115763
36/4118,Haizhou Li 0001,0.010804553347482152
01/5858,Yang Gu,0.010804553347482152
05/8618,Fahad Shahbaz Khan,0.010804553347482152
331/2274,Yuekun Dai,0.01075631873432375
t/PhilipHSTorr,Philip H. S. Torr,0.010708084121165348
19/3230,Guangtao Zhai,0.010418676442214933
150/6667,Tongliang Liu,0.010370441829056531
40/3934-4,Dong Wang 0004,0.010032799536947714
17/1152-5,Wei Feng 0005,0.009936330310630908
59/2741,Xiang Bai,0.009888095697472506
01/753,Chau Yuen,0.0097916264711557
67/4236,Jinqiao Wang,0.0097916264711557
64/6544,Yi Zhang,0.009743391857997299
10/217,Cheng Chen,0.009646922631680493
348/7584-1,Zhenhua Feng 0001,0.009598688018522091
k/JosefKittler,Josef Kittler,0.009598688018522091
64/6896,Huchuan Lu,0.009502218792205286
52/3194-32,Fei Wang 0032,0.009453984179046884
57/145,Wenjun Zeng 0001,0.009405749565888482
73/4373-1,Ming Tang 0001,0.009405749565888482
83/514,Zhu Han 0001,0.00935751495273008
09/3625,Mehdi Bennis,0.009309280339571676
m/JiriMatas,Jiri Matas,0.009309280339571676
78/4523,Bin He,0.009164576500096468
70/3604-1,Chen Qian 0001,0.009116341886938066
84/3795,Nan Li,0.009068107273779664
09/3666,Lei Chen,0.009068107273779664
179/2548,Shan You,0.009068107273779664
93/8104,Shiming Ge,0.009068107273779664
62/3401,Chunhui Zhang,0.009068107273779664
l/XuelongLi,Xuelong Li 0001,0.009019872660621263
96/6702,Lijun Wang,0.009019872660621263
33/4816,Pengyu Zhang,0.009019872660621263
03/8693,Efstratios Gavves,0.009019872660621263
56/4499-1,Liang Wang 0001,0.009019872660621263
79/3712,Chong Luo,0.008971638047462859
87/7879,Wenjie Tang,0.008971638047462859
55/5814,Antoni B. Chan,0.008971638047462859
126/8027,Lichao Zhang,0.008971638047462859
66/3387-37,Hui Li 0037,0.008971638047462859
02/7548,Yanjie Chen,0.008971638047462859
64/5630-51,Qiang Wang 0051,0.008923403434304457
41/6824,Weiming Hu,0.008923403434304457
56/4951-1,Jin Tang 0001,0.008923403434304457
42/4110-1,Wenyu Liu 0001,0.008875168821146055
16/3283,Xi Chen,0.008826934207987651
09/1365-34,Xin Li 0034,0.008826934207987651
188/1205,Anfeng He,0.008826934207987651
57/6240-1,Zhenyu He 0001,0.008826934207987651
16/5766,Liangliang Wang,0.00877869959482925
255/0117,Shikun Li,0.00877869959482925
187/1232,Zhao Luo,0.00877869959482925
163/4511,Amanda Berg,0.008730464981670847
210/2313,Linyu Zheng,0.008730464981670847
206/6445,Litu Rout,0.008730464981670847
154/1351,Luca Bertinetto,0.008730464981670847
151/8848,Martin Danelljan,0.008730464981670847
209/8650,Matteo Dunnhofer,0.008730464981670847
174/2809,Meng Ni,0.008730464981670847
34/5733-3,Min Young Kim 0003,0.008730464981670847
154/9080,Abdelrahman Eldesokey,0.008730464981670847
260/3261,Naveen Paluru,0.008730464981670847
56/10105,Niki Martinel,0.008730464981670847
04/383-13,Pengfei Xu 0013,0.008730464981670847
58/4525-5,Pengfei Zhang 0005,0.008730464981670847
260/2752,Pengkun Zheng,0.008730464981670847
52/323,Qi Zhang,0.008730464981670847
244/2529,Jani Käpylä,0.008730464981670847
45/7595,Rama Krishna Sai Subrahmanyam Gorthi,0.008730464981670847
07/6331,Richard M. Everson,0.008730464981670847
205/4022,Ruize Han,0.008730464981670847
160/9929,Ruohan Zhang,0.008730464981670847
260/3125,Shao-Chuan Zhao,0.008730464981670847
155/9654,Shengwei Zhao,0.008730464981670847
242/1376,Shihu Li,0.008730464981670847
160/3616,Gustavo Fernández,0.008730464981670847
208/8033,Shuai Bai,0.008730464981670847
245/8954,Shuosen Guan,0.008730464981670847
82/1822,Tengfei Xing,0.008730464981670847
169/4627,Tianyang Xu,0.008730464981670847
120/8076-3,Tianyu Yang 0003,0.008730464981670847
06/5919-6,Ting Zhang 0006,0.008730464981670847
142/5749,Tomás Vojír,0.008730464981670847
39/2359,Weizhao Wang,0.008730464981670847
156/0213,Abel Gonzalez-Garcia,0.008730464981670847
115/5698,Xi Qiu,0.008730464981670847
13/5168-1,Xiao-Jun Wu 0001,0.008730464981670847
54/230,Xiaoyun Yang,0.008730464981670847
260/3035,Xier Chen,0.008730464981670847
69/6460,Alireza Memarmoghadam,0.008730464981670847
90/2719,Xing Sun,0.008730464981670847
59/7651,Xingyu Chen,0.008730464981670847
123/7064,Xu Tang,0.008730464981670847
70/6628,Xuefeng Zhu,0.008730464981670847
75/6434-8,Yan Huang 0008,0.008730464981670847
78/10104,Yanan Chen,0.008730464981670847
253/3698,Yanchao Lian,0.008730464981670847
245/2878,Andong Lu,0.008730464981670847
254/1072,Yinda Xu,0.008730464981670847
59/605,Yingming Wang,0.008730464981670847
172/4240,Yingping Li,0.008730464981670847
36/2728-16,Yu Zhou 0016,0.008730464981670847
66/875,Yuan Dong,0.008730464981670847
60/9627,Yunhua Zhang,0.008730464981670847
260/2938,Yunkun Li,0.008730464981670847
132/7882-8,Zeyu Wang 0008,0.008730464981670847
81/7883,Zhaoliang Zhang,0.008730464981670847
169/4022,Zhichao Song,0.008730464981670847
50/505-4,Zhihao Chen 0004,0.008730464981670847
49/4941,Zhipeng Zhang,0.008730464981670847
147/5025,Zhirong Wu,0.008730464981670847
251/0619,Zhongjian Huang,0.008730464981670847
188/7504,Anton Varfolomieiev,0.008730464981670847
132/2247,Zhu Teng,0.008730464981670847
187/9123,Zihan Ni,0.008730464981670847
141/9949,Ardhendu Shekhar Tripathi,0.008730464981670847
15/5400,Arnold W. M. Smeulders,0.008730464981670847
260/3120,Bala Suraj Pedasingu,0.008730464981670847
153/1895,Bao Xin Chen,0.008730464981670847
22/3524,Baopeng Zhang,0.008730464981670847
174/9761,Bi Li 0005,0.008730464981670847
92/786-4,Bin Yan 0004,0.008730464981670847
54/5260,Bing Bai,0.008730464981670847
l/AlesLeonardis,Ales Leonardis,0.008730464981670847
13/2692-1,Bing Li 0001,0.008730464981670847
50/3402-114,Bo Li 0114,0.008730464981670847
214/8978,Byeong Hak Kim,0.008730464981670847
79/1552-4,Chao Ma 0004,0.008730464981670847
60/2548,Chen Fang,0.008730464981670847
83/7820-2,Chenglong Li 0002,0.008730464981670847
163/1795,Chengquan Zhang,0.008730464981670847
25/1650,Chi-Yi Tsai,0.008730464981670847
00/78,Michael Felsberg,0.008730464981670847
28/38,Christian Micheloni,0.008730464981670847
65/2751,Deepak Gupta,0.008730464981670847
260/2975,Dejia Song,0.008730464981670847
260/3303,Eunu Yi,0.008730464981670847
35/2836,Roman P. Pflugfelder,0.008730464981670847
10/8496,Fangyi Zhang,0.008730464981670847
21/6180,Fei Zhao,0.008730464981670847
220/3209,George De Ath,0.008730464981670847
190/7682,Goutam Bhat,0.008730464981670847
178/8116,Guangqi Chen,0.008730464981670847
227/7195,Guangting Wang,0.008730464981670847
121/6265,Guoxuan Li,0.008730464981670847
14/6210,Hakan Cevikalp,0.008730464981670847
13/6441-6,Hao Du 0006,0.008730464981670847
k/JoniKristianKamarainen,Joni-Kristian Kämäräinen,0.008730464981670847
216/7590,Haojie Zhao,0.008730464981670847
225/3263,Hasan Saribas,0.008730464981670847
36/5839,Ho Min Jung,0.008730464981670847
34/5268,Hongliang Bai,0.008730464981670847
133/1706,Houwen Peng,0.008730464981670847
69/7673,Jiakun Li,0.008730464981670847
19/8654,Luka Cehovin Zajc,0.008730464981670847
93/3389,Jianhua Li,0.008730464981670847
83/8692,Jianlong Fu,0.008730464981670847
92/6289,Jie Chen,0.008730464981670847
181/2794,Jie Gao,0.008730464981670847
23/3168-14,Jie Zhao 0014,0.008730464981670847
l/JingLi36,Jing Li 0036,0.008730464981670847
27/2384,Jingjing Wu,0.008730464981670847
164/5911,Jingtuo Liu,0.008730464981670847
79/5367,Ondrej Drbohlav,0.008730464981670847
09/287,Jinqing Qi,0.008730464981670847
10/2874,Jinyue Zhang,0.008730464981670847
t/JohnKTsotsos,John K. Tsotsos,0.008730464981670847
39/2874,Jong Hyuk Lee,0.008730464981670847
67/3379,Joost van de Weijer 0001,0.008730464981670847
260/2774,Jun Ha Lee,0.008730464981670847
213/4212,Junfei Zhuang,0.008730464981670847
260/2990,Kangkai Zhang,0.008730464981670847
03/9859,Kangkang Wang,0.008730464981670847
160/3679,Alan Lukezic,0.008730464981670847
250/4445,Kenan Dai,0.008730464981670847
21/2715,Lei Liu,0.008730464981670847
249/8242,Leida Guo,0.008730464981670847
89/5992-40,Li Zhang 0040,0.008730464981670847
14/1719,Lijun Zhou,0.008730464981670847
70/6443-1,Bo Du 0001,0.008730464981670847
53/6088,Dahua Lin,0.008682230368512444
245/5582,Zhuang Jia,0.00858576114219564
29/8349,Dafeng Zhang,0.008441057302720432
142/3885,Guangqi Shao,0.008441057302720432
42/10799,Xiaotao Wang,0.008441057302720432
09/471,Lei Lei,0.008441057302720432
87/6853-1,Zhao Zhang 0001,0.008441057302720432
318/3006,Suiyi Zhao,0.008441057302720432
81/7807,Yanyan Wei,0.008441057302720432
01/2404,Qingyu Yang,0.008441057302720432
244/2438,Sabari Nathan,0.008296353463245225
127/0713,Xiaofei Xie,0.008248118850086823
253/9580,Mingde Yao,0.008199884236928419
205/3991,Xintao Wang,0.007958711171136407
88/4302,Jun Jiang,0.007765772718502798
88/3340-6,Liang Ding 0006,0.007765772718502798
264/5802-1,Haoning Wu 0001,0.007717538105344395
228/2769,Kelvin C. K. Chan,0.007669303492185992
219/5327,Peiqing Yang,0.00762106887902759
70/6176-1,Bin Ma 0001,0.00742813042639398
86/1369,Dong In Kim,0.00742813042639398
h/ThomasSHuang,Thomas S. Huang,0.007379895813235578
q/YuQiao1,Yu Qiao 0001,0.00723519197376037
23/2089,Ke Yu,0.00723519197376037
172/1282-2,Xiangyu Xu 0002,0.0071869573606019675
23/8015,Xinchao Wang,0.0071869573606019675
75/7384,Jun Jia,0.0071387227474435655
76/3131,Cyril Leung,0.006945784294809956
198/4455,Zongsheng Yue,0.006897549681651553
120/4095,Yuchen Fan,0.006897549681651553
26/5200-1,Ding Liu 0001,0.006897549681651553
177/3248,Seungjun Nah,0.00684931506849315
68/6424-2,Sanghyun Son 0002,0.00684931506849315
17/4029,Kyoung Mu Lee,0.00684931506849315
185/1060,Jiahui Yu,0.00684931506849315
a/SihemAmerYahia,Sihem Amer-Yahia,0.00684931506849315
193/4403,Zicheng Zhang,0.0067528458421763455
300/7194,Chaitra Desai,0.0067528458421763455
253/9938,Ramesh Ashok Tabib,0.0067528458421763455
254/1000,Marcos V. Conde,0.006704611229017944
36/3071-2,Xiaoming Li 0002,0.006704611229017944
183/6637,Chongwen Huang,0.006656376615859541
96/6014,Xiong Xiao,0.006608142002701138
29/4867-20,Yong Liu 0020,0.006608142002701138
77/7902-4,Tianwei Zhang 0004,0.006608142002701138
122/5343,Chenghui Peng,0.006559907389542736
173/5282,Rex Ying,0.006511672776384333
139/6983,Xiongkuo Min,0.006511672776384333
75/4085,Mérouane Debbah,0.006463438163225931
75/1281,Ling Shao 0001,0.006415203550067528
78/1813-2,Xinpeng Li 0002,0.006415203550067528
28/7409,Chengzhi Jiang,0.006415203550067528
55/1756,Ting Jiang,0.006415203550067528
98/3796,Wenjie Lin,0.006415203550067528
96/3446-17,Qi Wu 0017,0.006415203550067528
211/5818,Mingyan Han,0.006415203550067528
143/7181,Haoqiang Fan,0.006415203550067528
49/8652,Shuaicheng Liu,0.006415203550067528
93/6765-1,Meng Wang 0001,0.0063669689369091256
204/3729,Yuekang Li,0.0063669689369091256
16/6465-9,Cheng Li 0009,0.0063669689369091256
01/2960,Xiaobing Wang,0.0063669689369091256
73/7877,Huan Zheng,0.0063669689369091256
312/3893,Yangcheng Gao,0.0063669689369091256
231/1744,Jiahuan Ren,0.0063669689369091256
142/8486,Yibing Zhan,0.0063669689369091256
s/JunSun1,Jun Sun 0001,0.006270499710592321
13/2692-24,Bing Li 0024,0.006270499710592321
327/3311,Zhezhu Jin,0.006270499710592321
285/1721,Minrui Xu,0.006222265097433919
48/1091-1,Yiqiang Chen 0001,0.006222265097433919
200/8321,Behrooz Omidvar-Tehrani,0.006174030484275516
167/0539,Dongliang He,0.006125795871117113
p/JianPei,Jian Pei 0001,0.006077561257958711
26/1181,Haihua Xu 0001,0.006029326644800308
y/ShuichengYan,Shuicheng Yan,0.0059810920316419065
14/8431,Haibo Zhou,0.0059810920316419065
37/8852,Dinh Thai Hoang,0.0059810920316419065
80/7282,Caiming Xiong,0.005932857418483504
282/6550,Yurui Zhu,0.005932857418483504
136/9389,Xueyang Fu,0.005932857418483504
55/7901-1,Xianglong Liu 0001,0.005932857418483504
35/4621,Kong-Aik Lee,0.005884622805325101
57/5272-2,Yong Luo 0002,0.005884622805325101
292/4088,Ruikang Xu,0.005884622805325101
176/4020,Yapeng Tian,0.005884622805325101
166/2763-1,Yulun Zhang 0001,0.005884622805325101
51/3710-165,Yang Liu 0165,0.005836388192166699
181/2734-4,Feng Zhao 0004,0.005836388192166699
09/5042-29,Wei Sun 0029,0.005836388192166699
24/6606,Tat-Seng Chua,0.005788153579008296
82/5713,Lizhen Cui,0.005691684352691491
20/6534-3,Lei Ma 0003,0.0056434497395330884
124/0384,Juan Deng,0.0056434497395330884
122/3088,Rongpeng Li,0.0056434497395330884
98/8479,Mingming Gong,0.0056434497395330884
354/8085,Guanqun Liu 0005,0.005546980513216284
76/5789-0009,Shuai Liu 0009,0.005546980513216284
190/4779,Chaoyu Feng,0.005546980513216284
21/10480,Luyang Wang,0.005546980513216284
72/6811-11,Bo Wang 0011,0.005546980513216284
37/1304-1,Ping Wang 0001,0.005498745900057882
27/9060-1,Lingfei Wu 0001,0.005498745900057882
36/4847,Victor C. M. Leung,0.005450511286899479
21/506,Kaibin Huang,0.005402276673741076
49/3283-5,Wei Liu 0005,0.005402276673741076
97/6308-1,Wenwu Zhu 0001,0.005354042060582674
52/3194,Fei Wang,0.005354042060582674
244/2493,Priya Kansal,0.005354042060582674
k/AlexChiChungKot,Alex C. Kot,0.005305807447424271
22/1460,Hanwu Sun,0.005305807447424271
65/7804,Yuchao Dai,0.005305807447424271
50/671,Yu Zhang,0.005257572834265869
174/7172,Chaoyue Wang,0.005257572834265869
207/1743,Jiangtian Nie,0.005257572834265869
255/5085,Yihao Huang 0001,0.005257572834265869
29/6643-17,Jie Huang 0017,0.005257572834265869
38/326-2,Xikun Zhang 0002,0.005257572834265869
l/XiaoliLi,Xiaoli Li 0001,0.0052093382211074665
217/9580,Qianhui Sun,0.0052093382211074665
s/XueminShen,Xuemin Shen,0.005112868994790662
125/8938,Kezhi Wang,0.005112868994790662
84/4965,Munchurl Kim,0.005112868994790662
198/9637,Tiantong Guo,0.005112868994790662
73/1467,Vishal Monga,0.005112868994790662
225/4682,Fengxiang He,0.005112868994790662
41/3281,Dongjin Song,0.005112868994790662
31/891-1,Peng Cui 0001,0.005112868994790662
17/7992,Wanli Ouyang,0.005064634381632259
35/5873,Ivor W. Tsang,0.005064634381632259
97/10238,Antonio De Domenico,0.005064634381632259
87/763,Howard H. Yang,0.005064634381632259
03/6772,Amir Hussain 0001,0.005064634381632259
00/2494,Hady W. Lauw,0.005064634381632259
177/5658,Aishan Liu,0.005064634381632259
12/8442,Xiangyu Kong,0.005064634381632259
339/0425,Yuanshen Guan,0.005064634381632259
43/8066-2,Xiaojie Guo 0002,0.005064634381632259
p/HVincentPoor,H. Vincent Poor,0.005016399768473857
05/2700,Bo Cheng,0.005016399768473857
27/2122,Emilio Calvanese Strinati,0.005016399768473857
08/1924,Kai Keng Ang,0.005016399768473857
16/8492,Shoujin Wang,0.005016399768473857
19/10892,Soonyong Song,0.005016399768473857
33/6517,Jin Song Dong,0.005016399768473857
265/5033,Ruoxi Zhu,0.005016399768473857
01/2775,Lei Yu,0.005016399768473857
289/1064,Dewang Hou,0.005016399768473857
10/9659,Qianqian Yang,0.004968165155315454
329/6049,Jingtong Gao,0.004968165155315454
07/954,Zhenzhong Chen,0.004968165155315454
46/999,Bo Yang,0.004968165155315454
95/2454-1,Xiaohong Liu 0001,0.004968165155315454
08/890-1,Xiangyu Zhao 0001,0.004968165155315454
20/2039,Ming Liu,0.004919930542157052
l/EePengLim,Ee-Peng Lim,0.004871695928998649
140/4707,Changxing Ding,0.004871695928998649
125/2814,Chenglin Xu,0.004871695928998649
12/2684,Salah Eddine El Ayoubi,0.004871695928998649
200/7275,Cen Zhang,0.004871695928998649
181/2839-26,Kai Chen 0026,0.004871695928998649
22/1805-12,Ying Li 0012,0.004871695928998649
h/JiaweiHan,Jiawei Han 0001,0.0048234613158402466
173/5360-1,Nguyen Cong Luong 0001,0.0048234613158402466
60/1749,Zhen Dong,0.0048234613158402466
225/9851,Yaqi Wu,0.0048234613158402466
119/4026,Zhangyang Wang,0.0048234613158402466
82/7829,Yongfeng Zhang,0.0048234613158402466
65/1792,Huamin Qu,0.0048234613158402466
52/6744,Shuigeng Zhou,0.004775226702681845
132/1668,Adnan Shahid,0.004775226702681845
82/8335,Adrian Kliks,0.004775226702681845
185/7418,Ahmed Al-Tahmeesschi,0.004775226702681845
379/6637,Ahmed Elbakary,0.004775226702681845
159/1758,Alexandros Nikou,0.004775226702681845
207/7643,Ali Maatouk,0.004775226702681845
204/6357,Ali Mokh,0.004775226702681845
325/2030,Amirreza Kazemi,0.004775226702681845
07/7237,Athanasios Karapantelakis,0.004775226702681845
205/7341,Bohao Wang,0.004775226702681845
61/6100,Carlo Fischione,0.004775226702681845
94/3019,Chao Zhang,0.004775226702681845
194/6874,Chaouki Ben Issaid,0.004775226702681845
241/5912,Christina Chaccour,0.004775226702681845
213/5012,Christo Kurisummoottil Thomas,0.004775226702681845
29/11308,Dheeraj Sharma,0.004775226702681845
147/0333,Dimitris Kalogiros,0.004775226702681845
34/1837,Eli De Poorter,0.004775226702681845
291/7131,Elissa Mhanna,0.004775226702681845
72/2732,Faouzi Bader,0.004775226702681845
322/8639,Fathi Abdeldayem,0.004775226702681845
240/2322,Fenghao Zhu,0.004775226702681845
227/3110,Gianluca Fontanesi,0.004775226702681845
28/10806,Giovanni Geraci,0.004775226702681845
67/7728,Hakimeh Purmehdi,0.004775226702681845
10/35,Hamed Ahmadi,0.004775226702681845
207/3362,Hang Zou,0.004775226702681845
01/1272,Hoon Lee,0.004775226702681845
220/4229,Iacopo Poli,0.004775226702681845
169/9868,Igor Carron,0.004775226702681845
322/9927,Ilias Chatzistefanidis,0.004775226702681845
20/6158,Inkyu Lee,0.004775226702681845
345/5117,Ioannis Pitsiorlas,0.004775226702681845
243/3936,Jaron Fontaine,0.004775226702681845
401/8360,Jiajun Wu,0.004775226702681845
00/2446,Jie Zeng,0.004775226702681845
02/391,Jinan Li,0.004775226702681845
401/7767,Jinane Karam,0.004775226702681845
401/7992,Johny Gemayel,0.004775226702681845
401/7709,Julien Frison,0.004775226702681845
326/3804,Kehai Qiu,0.004775226702681845
401/7544,Keith Ball,0.004775226702681845
79/3642,Kun Guo,0.004775226702681845
03/3843,Leandros Tassiulas,0.004775226702681845
401/8265,Lecorve Gwenole,0.004775226702681845
311/5009,Liexiang Yue,0.004775226702681845
175/2670,Lina Bariah,0.004775226702681845
401/8137,Louis Powell,0.004775226702681845
123/4537,Marcin Dryjanski,0.004775226702681845
385/8372,Maria Amparo Canaveras Galdon,0.004775226702681845
90/3967,Marios Kountouris,0.004775226702681845
45/1910,Maryam Hafeez,0.004775226702681845
304/8259,Maxime Elkael,0.004775226702681845
401/8046,Mehdi Boudjelli,0.004775226702681845
273/5532,Meiling Dai,0.004775226702681845
175/1389,Michele Polese,0.004775226702681845
18/338,Mohamad Assaad,0.004775226702681845
301/4820,Mohamed Benzaghta,0.004775226702681845
401/8477,Mohammad Al Refai,0.004775226702681845
181/2761,Moussab Djerrab,0.004775226702681845
401/8234,Mubeen Syed,0.004775226702681845
95/6292,Muhammad Amir,0.004775226702681845
18/10185,Na Yan,0.004775226702681845
299/2460,Najla Alkaabi,0.004775226702681845
342/1304,Nassim Sehad,0.004775226702681845
79/8,Navid Nikaein,0.004775226702681845
296/7767,Omar Hashash,0.004775226702681845
23/9245,Pawel Sroka,0.004775226702681845
33/7663,Qiyang Zhao,0.004775226702681845
236/3280,Rasoul Nikbakht Silab,0.004775226702681845
161/7997,Roberto Morabito,0.004775226702681845
401/7752,Ryad Madi,0.004775226702681845
133/4761,Salvatore D'Oro,0.004775226702681845
50/3734,Samson Lasaulce,0.004775226702681845
122/5729,Serveh Shalmashi,0.004775226702681845
270/7013,Sige Liu,0.004775226702681845
222/5795,Sihem Cherrared,0.004775226702681845
286/3392,Swarna Bindu Chetty,0.004775226702681845
42/7395,Hongzhi Chen,0.004775226702681845
d/XinLunaDong,Xin Luna Dong,0.004775226702681845
119/0230,Junjun Jiang,0.004726992089523442
124/2034,Kui Jiang,0.004726992089523442
57/2056,Yu Zhao,0.004726992089523442
232/3190,Zhongang Cai,0.00467875747636504
70/3604-6,Chen Qian 0006,0.00467875747636504
116/4904,Soujanya Poria,0.004630522863206637
115/7106-1,Jiacheng Wang 0001,0.004630522863206637
137/8830,Tianlin Li,0.004630522863206637
56/10645,Yushan Jiang,0.004630522863206637
84/8411,Peilin Zhao,0.004582288250048234
07/5681-1,Liang Feng 0001,0.004582288250048234
94/4754,Tomi Kinnunen,0.004582288250048234
31/9004,Yuming Fang,0.004582288250048234
97/4626-69,Yi Liu 0069,0.004582288250048234
220/0988,Zhihao Fan,0.004582288250048234
43/3753,Valeria Fionda,0.004582288250048234
29/3132,Olaf Hartig,0.004582288250048234
269/4833,Reyhaneh Abdolazimi,0.004582288250048234
05/3054-16,Xiao Chen 0016,0.004582288250048234
05/2762-1,Jeffrey Dalton 0001,0.004582288250048234
163/6256,Lisette Espín-Noboa,0.004582288250048234
218/7410,Wenqi Fan,0.004582288250048234
345/8195,Manuela Fritz,0.004582288250048234
72/3872,Quan Gan,0.004582288250048234
83/752,Torsten Hahmann,0.004582288250048234
24/10567,Soyeon Caren Han,0.004582288250048234
294/1598,Estevam Hruschka,0.004582288250048234
48/5388-4,Liang Hu 0004,0.004582288250048234
187/2874-1,Jiaxin Huang 0001,0.004582288250048234
201/7961,Utkarshani Jaimini,0.004582288250048234
232/8079,Olivier Jeunen,0.004582288250048234
29/10436-1,Fariba Karimi 0001,0.004582288250048234
k/GeorgeKarypis,George Karypis,0.004582288250048234
29/4781,Krishnaram Kenthapadi,0.004582288250048234
68/9376,Himabindu Lakkaraju,0.004582288250048234
03/9889,Thai Le,0.004582288250048234
269/4534,Trung-Hoang Le,0.004582288250048234
l/DongwonLee,Dongwon Lee 0001,0.004582288250048234
36/11045,Geon Lee,0.004582288250048234
292/5757,Liat Levontin,0.004582288250048234
90/5961,Cheng-Te Li,0.004582288250048234
118/0004-1,Haoyang Li 0001,0.004582288250048234
317/3392,Jay Chiehen Liao,0.004582288250048234
254/1779-2,Qidong Liu 0002,0.004582288250048234
222/1710,Usha Lokala,0.004582288250048234
126/4745,Ben London 0001,0.004582288250048234
212/2413,Siqu Long,0.004582288250048234
147/0299,Hande Küçük-McGinty,0.004582288250048234
30/4233-1,Yu Meng 0001,0.004582288250048234
120/4131,Seungwhan Moon,0.004582288250048234
253/6972,Usman Naseem,0.004582288250048234
95/5978,Pradeep Natarajan,0.004582288250048234
290/3418,Zijie Pan,0.004582288250048234
51/5502,Devesh Parekh,0.004582288250048234
345/7773,Tiago Peixoto,0.004582288250048234
52/4627,Steven Pemberton,0.004582288250048234
25/2453,Josiah Poon,0.004582288250048234
28/1966,Filip Radlinski,0.004582288250048234
229/9125,Federico Rossetto,0.004582288250048234
183/5157-9,Kaushik Roy 0009,0.004582288250048234
162/3206,Aghiles Salah,0.004582288250048234
159/1225,Mehrnoosh Sameki,0.004582288250048234
s/AmitPSheth,Amit P. Sheth,0.004582288250048234
208/4077,Cogan Shimizu,0.004582288250048234
153/2052,Kijung Shin,0.004582288250048234
s/JuliaStoyanovich,Julia Stoyanovich,0.004582288250048234
166/2953,Johanne Trippas,0.004582288250048234
345/7940,Quoc Truong,0.004582288250048234
65/2921,Yu-Che Tsai,0.004582288250048234
244/0488,Adaku Uchendu,0.004582288250048234
237/9986,Bram van den Akker,0.004582288250048234
17/6729-40,Lin Wang 0040,0.004582288250048234
58/10312,Minjie Wang,0.004582288250048234
10/5630-19,Xin Wang 0019,0.004582288250048234
w/IngmarWeber,Ingmar Weber,0.004582288250048234
283/6142,Henry Weld,0.004582288250048234
03/8340,Da Xu,0.004582288250048234
245/7578,Yifan Ethan Xu,0.004582288250048234
239/2804,Shuyuan Xu,0.004582288250048234
46/999-11,Bo Yang 0011,0.004582288250048234
80/4136-3,Ke Yang 0003,0.004582288250048234
47/4458,Elad Yom-Tov,0.004582288250048234
211/2843,Jaemin Yoo,0.004582288250048234
83/3205-5,Zhou Yu 0005,0.004582288250048234
93/909,Reza Zafarani,0.004582288250048234
150/5324,Hamed Zamani,0.004582288250048234
202/2035,Meike Zehlike,0.004582288250048234
52/323-20,Qi Zhang 0020,0.004582288250048234
50/671-44,Yu Zhang 0044,0.004582288250048234
181/2621-47,Zheng Zhang 0047,0.004582288250048234
63/5422-2,Liang Zhao 0002,0.004582288250048234
68/2031-2,Wei Rao 0002,0.004534053636889832
00/5480,See-Kiong Ng,0.004534053636889832
270/6203,Jinting Luo,0.004534053636889832
117/6387,Matteo Maggioni,0.004534053636889832
124/2136,Long Lan,0.004534053636889832
199/6413,Xinrun Wang,0.004485819023731429
59/3754-3,Han Hu 0003,0.004485819023731429
18/5410-4,Di Wang 0004,0.0044375844105730275
74/3590,Tao Sun,0.0044375844105730275
10/5630,Xin Wang,0.0044375844105730275
320/3691,Fangyuan Kong,0.0044375844105730275
321/1022,Haotian Fan,0.0044375844105730275
17/11453,Yifang Xu,0.0044375844105730275
44/5405,Anthony Larcher,0.004389349797414625
29/8716,Kai Feng,0.004389349797414625
23/1818,Zheng-Jun Zha,0.004389349797414625
28/10770,Lefei Zhang,0.004389349797414625
47/11423-1,Qiming Zhang 0001,0.004389349797414625
75/5713,Ville Hautamäki,0.004341115184256222
15/1123,Mohsen Guizani,0.004341115184256222
06/6785-25,Yang Zhang 0025,0.004341115184256222
71/5333,Mingli Song,0.004341115184256222
149/7989-2,Ruxin Wang 0002,0.004341115184256222
99/4522,Xinbo Gao 0001,0.004341115184256222
214/2295,Zhi Hao Lim,0.00429288057109782
157/2088,Jiaze Li,0.00429288057109782
07/1560,Byron Choi,0.004244645957939417
09/3493-1,Dong Xu 0001,0.004244645957939417
56/432,Joo-Hwee Lim,0.004244645957939417
44/3549-1,Trung Hieu Nguyen 0001,0.004244645957939417
183/0183,Zhengzi Xu,0.004196411344781015
201/7499,Ville Vestman,0.004148176731622612
02/8760,Mickaël Rouvier,0.004148176731622612
09/9875,Pierre-Michel Bousquet,0.004148176731622612
65/6731,Chunlei Zhang,0.004148176731622612
130/7964,Fahimeh Bahmaninezhad,0.004148176731622612
21/10462,Héctor Delgado,0.004148176731622612
93/9671,Md. Sahidullah,0.004148176731622612
72/3130,Jean-François Bonastre,0.004148176731622612
85/2699,John H. L. Hansen,0.004148176731622612
89/6736,Massimiliano Todisco,0.004148176731622612
84/366,Nicholas W. D. Evans,0.004148176731622612
227/6598,Ruichen Zhang,0.004148176731622612
180/8218-1,Sen Chen 0001,0.004148176731622612
307/6543,Yuechi Yang,0.004148176731622612
64/2903-2,Bo Dai 0002,0.004148176731622612
261/8056,Haijin Zeng,0.004148176731622612
54/4989-2,Ping Luo 0002,0.0040999421184642094
158/4231,Kele Xu,0.0040999421184642094
64/5666-6,Lei Zhang 0006,0.0040999421184642094
04/6217,Huadong Ma,0.0040999421184642094
84/7019,Liang Lin,0.0040999421184642094
122/2259,Haiqiang Wang,0.0040999421184642094
151/9910,Xiangguang Chen,0.0040999421184642094
178/9814,Wenhui Meng,0.0040999421184642094
59/749,Xiang Pan,0.0040999421184642094
368/3663,Huiying Shi,0.0040999421184642094
02/1555-3,Han Zhu 0003,0.0040999421184642094
23/2240,Xiaozhong Xu,0.0040999421184642094
02/2264-9,Lei Sun 0009,0.0040999421184642094
49/4215-1,Shan Liu 0001,0.0040999421184642094
64/5160,Zhichao Zhang,0.0040999421184642094
57/5656,Xiaojun Jia,0.0040999421184642094
66/4615,Yong Zhang,0.0040999421184642094
324/1909,Rui Mao 0010,0.0040517075053058075
t/StephenJohnTurner,Stephen John Turner,0.0040517075053058075
50/8731,Wayne Wu,0.0040517075053058075
78/1102-3,Shuo Yang 0003,0.0040517075053058075
18/6404-1,Abhishek Gupta 0001,0.0040517075053058075
83/5831,Liang Ma,0.004003472892147405
75/1683-2,Gang Yu 0002,0.004003472892147405
92/6630,Leida Li,0.004003472892147405
29/177,Kang Zhang,0.004003472892147405
239/4017,Xiangtai Li,0.004003472892147405
324/4929,Naishan Zheng,0.004003472892147405
t/NadiaMagnenatThalmann,Nadia Magnenat-Thalmann,0.003955238278989003
243/2775,Sungyong Baik,0.003955238278989003
243/2738,Seokil Hong,0.003955238278989003
185/6852,Gyeongsik Moon,0.003955238278989003
85/2542,Se Young Chun,0.003955238278989003
142/1614-2,Muhammad Haris 0002,0.003955238278989003
17/1926,Greg Shakhnarovich,0.003955238278989003
46/5881,Norimichi Ukita,0.003955238278989003
191/2655,Kuldeep Purohit,0.003955238278989003
73/3473,A. N. Rajagopalan 0001,0.003955238278989003
42/3332,Junsong Yuan 0001,0.0039070036658306
72/3380,Shi-Qing Xin,0.0039070036658306
119/0001,Xuanwu Yin,0.0039070036658306
354/8493,Kunlong Zuo,0.0039070036658306
08/5760,Xi Wang,0.0039070036658306
151/5859,Xiaowei Hu,0.0039070036658306
329/7398,Jinfan Hu,0.0039070036658306
309/7364,Xina Liu,0.0039070036658306
84/7543-6,Xiangyu Chen 0006,0.0039070036658306
327/3101,Feiyu Huang,0.0039070036658306
81/8959,Shizhuo Liu,0.0039070036658306
228/3267,Xuhao Jiang,0.0039070036658306
34/808,Tao Huang,0.0039070036658306
332/6363,Zhenxuan Fang,0.0039070036658306
329/8589,Mengluan Huang,0.0039070036658306
16/7298,Junwei Xu,0.0039070036658306
253/5987,Qidi Shu,0.0039070036658306
150/5563,Zhiwen Yang,0.0039070036658306
305/4494,Shaocong Li,0.0039070036658306
340/5423,Hangyan Zhu,0.0039070036658306
59/962,Shaohui Liu,0.0039070036658306
218/2718,Binbin Song,0.0039070036658306
66/4883,Ziqi Song,0.0039070036658306
340/6033,Guiting Mao,0.0039070036658306
340/5782,Ben Hou,0.0039070036658306
340/5955,Zhimou Liu,0.0039070036658306
94/6438,Yi Ke,0.0039070036658306
340/5565,Dengpei Ouyang,0.0039070036658306
340/5657,Dekui Han,0.0039070036658306
284/0853,Jinghao Zhang,0.0039070036658306
66/5923-10,Qi Zhu 0010,0.0039070036658306
37/3190,Wu Jin,0.0039070036658306
09/4215,Tianyi Xu,0.0039070036658306
90/514-19,Jun Xu 0019,0.0039070036658306
340/5374,P. S. Hrishikesh,0.0039070036658306
264/5624,Densen Puthussery,0.0039070036658306
75/3033,C. V. Jiji,0.0039070036658306
38/4792,Biao Jiang,0.0039070036658306
16/3856,Yuhan Ding,0.0039070036658306
340/5937,WanZhang Li,0.0039070036658306
15/5229,Xiaoyue Feng,0.0039070036658306
204/3083,Sijing Chen,0.0039070036658306
340/5358,Tianheng Zhong,0.0039070036658306
327/3427,Jiyang Lu,0.0039070036658306
99/4827-4,Hongming Chen 0004,0.0039070036658306
317/1454,Zhentao Fan,0.0039070036658306
64/3062-15,Xiang Chen 0015,0.0039070036658306
142/2644,Yuanjun Xiong,0.0039070036658306
35/11103,Felix Juefei-Xu,0.0038587690526721975
h/StevenCHHoi,Steven C. H. Hoi,0.0038587690526721975
56/1673,Chunhua Shen,0.0038587690526721975
144/7479,Sai-Kit Yeung,0.0038587690526721975
s/ShiguangShan,Shiguang Shan,0.0038587690526721975
54/6561,Zhibo Chen 0001,0.0038587690526721975
74/1932,Yue Liu,0.0038587690526721975
68/6443,Cheng Luo,0.0038587690526721975
28/2073-3,Wei Gao 0003,0.0038587690526721975
67/398,Qi Guo,0.0038587690526721975
06/10816,Jinshan Pan,0.0038587690526721975
77/1243,Wei Xia,0.003810534439513795
76/4975,Abbas Jamalipour,0.003810534439513795
236/9144,Gelei Deng,0.003810534439513795
13/3672-1,Z. Jane Wang 0001,0.003810534439513795
01/1844-5,Zhenyu Zhang 0005,0.003810534439513795
205/3888,Shixiang Wu,0.003810534439513795
242/2724,Tuan-Anh Vu,0.003810534439513795
50/2484-45,Lei Yang 0045,0.0037622998263553927
230/1216,Henghui Ding,0.0037622998263553927
54/4934,Björn W. Schuller,0.0037622998263553927
146/4830,Xibin Song,0.0037622998263553927
94/6767,Xueying Qin,0.0037622998263553927
176/8839,Yonghui Xu,0.0037622998263553927
78/4381,Jenq-Neng Hwang,0.0037622998263553927
24/2670,Rick Siow Mong Goh,0.00371406521319699
164/8231,Minjie Cai,0.00371406521319699
24/3343,Eliathamby Ambikairajah,0.00371406521319699
244/8337,Jiayu Yang,0.00371406521319699
59/3767,Hai Wang,0.00371406521319699
s/DXSong,Dawn Song,0.00371406521319699
12/5927,Xiaoyu Zhang,0.0036658306000385875
33/1903,Xiaokui Xiao,0.0036658306000385875
48/1294,Feng Zhang,0.0036658306000385875
04/5226,Xiaoou Tang,0.0036658306000385875
134/8681,Guozhu Meng,0.0036658306000385875
140/8357,Haoran Xu,0.0036658306000385875
02/7781-1,Shanshan Zhao 0001,0.0036658306000385875
l/YanLiu4,Yan Liu 0004,0.0036658306000385875
143/7107,Eirikur Agustsson,0.0036658306000385875
203/8428,Bee Lim,0.0036658306000385875
97/9880,Heewon Kim,0.0036658306000385875
190/7538,Woong Bae,0.0036658306000385875
141/8878-1,Jaejun Yoo 0001,0.0036658306000385875
173/4627,Yoseob Han,0.0036658306000385875
15/5613,Jong Chul Ye,0.0036658306000385875
169/7657,Jae-Seok Choi,0.0036658306000385875
82/1911-2,Wei Han 0002,0.0036658306000385875
205/3982,Haichao Yu,0.0036658306000385875
176/5516,Honghui Shi,0.0036658306000385875
134/3031,Yunjin Chen,0.0036658306000385875
55/957-8,Kai Zhang 0008,0.0036658306000385875
63/749,Zhimin Tang,0.0036658306000385875
58/817,Linkai Luo,0.0036658306000385875
55/2211,Shaohui Li,0.0036658306000385875
43/8387,Min Fu,0.0036658306000385875
17/6060,Lei Cao,0.0036658306000385875
201/7460,Wen Heng,0.0036658306000385875
158/5803,Giang Bui,0.0036658306000385875
182/7439,Truc Le,0.0036658306000385875
35/1832,Ye Duan,0.0036658306000385875
33/3328-5,Xu Lin 0005,0.0036658306000385875
41/813,Jianxin Pang,0.0036658306000385875
205/3875,Jinchang Xu,0.0036658306000385875
69/4250,Deqing Sun,0.0036658306000385875
47/3138,Yujin Zhang,0.0036658306000385875
175/3790,Xuan-Phung Huynh,0.0036658306000385875
117/0303,Hojjat Seyed Mousavi,0.0036658306000385875
159/2041,Tiep Huu Vu,0.0036658306000385875
141/6253,Cristóvão Cruz,0.0036658306000385875
e/KOEgiazarian,Karen O. Egiazarian,0.0036658306000385875
51/956,Vladimir Katkovnik,0.0036658306000385875
135/3263,Rakesh Mehta,0.0036658306000385875
190/7826,Arnav Kumar Jain,0.0036658306000385875
190/7006,Abhinav Agarwalla,0.0036658306000385875
205/3931,Ch V. Sai Praveen,0.0036658306000385875
205/3902,Ruofan Zhou,0.0036658306000385875
195/5685,Hongdiao Wen,0.0036658306000385875
205/3914,Che Zhu,0.0036658306000385875
185/1067,Zhiqiang Xia,0.0036658306000385875
185/0907,Zhengtao Wang,0.0036658306000385875
75/6813,Ping Xu,0.003617595986880185
35/547,Chih-Chung Hsu,0.003617595986880185
24/4470,Yang Song,0.003617595986880185
52/3003,Shiwen Mao,0.0035693613737217827
35/1228,Masashi Sugiyama,0.0035693613737217827
84/4581-1,Nan Zhao 0001,0.0035693613737217827
88/8398,Tianyi Wang,0.0035693613737217827
72/8614,Yingbo Zhou,0.0035693613737217827
163/5129-1,Zhu Sun 0001,0.0035693613737217827
163/6525,Chengwei Liu,0.0035693613737217827
w/RaymondChiWingWong,Raymond Chi-Wing Wong,0.0035211267605633804
73/7055,Yinxing Xue,0.0035211267605633804
95/10649,Guangsen Wang,0.0035211267605633804
43/5957,Meng-Hiot Lim,0.0035211267605633804
12/5444-1,Tao Mei 0001,0.0035211267605633804
91/195-7,Chi Zhang 0007,0.0035211267605633804
331/3226,Shijie Wen,0.0035211267605633804
20/5353,Mai Xu,0.0035211267605633804
156/1038,Shunyu Yao,0.0035211267605633804
254/6023,Yuhang Hu,0.0035211267605633804
49/5418,Xiaoli Tang,0.0035211267605633804
95/5912,Guang-Bin Huang,0.003472892147404978
119/4173,Meiqing Wu,0.003472892147404978
284/3037,Benjamin Kiefer,0.003472892147404978
17/5013,Janez Pers,0.003472892147404978
298/8098,Lojze Zust,0.003472892147404978
87/8843,Fabio Poiesi,0.003472892147404978
228/1838,Fabio Augusto de Alcantara Andrade,0.003472892147404978
53/5306,Alexandre Bernardino,0.003472892147404978
127/0448,Matthew Dawkins,0.003472892147404978
11/8636,Jenni Raitoharju,0.003472892147404978
334/4434,Yitong Quan,0.003472892147404978
334/4511,Adem Atmaca,0.003472892147404978
295/8768,Timon Höfer,0.003472892147404978
180/3659,Lars Sommer,0.003472892147404978
214/9422,Raphael Spraul,0.003472892147404978
327/3298,Hangyue Zhao,0.003472892147404978
334/4075,Hongpu Zhang,0.003472892147404978
12/7547,Yanyun Zhao,0.003472892147404978
334/3907,Jan Lukas Augustin,0.003472892147404978
310/1069,Eui-ik Jeon,0.003472892147404978
44/281,Impyeong Lee,0.003472892147404978
320/6085,Luca Zedda,0.003472892147404978
167/0964,Andrea Loddo,0.003472892147404978
13/5485,Cecilia Di Ruberto,0.003472892147404978
224/6611,Sagar Verma,0.003472892147404978
45/7178,Siddharth Gupta,0.003472892147404978
276/6411,Shishir Muralidhara,0.003472892147404978
276/6456,Niharika Hegde,0.003472892147404978
210/2192,Daitao Xing,0.003472892147404978
156/8140,Nikolaos Evangeliou,0.003472892147404978
11/637,Anthony Tzes,0.003472892147404978
211/4023,Vojtech Bartl,0.003472892147404978
195/6281,Jakub Spanhel,0.003472892147404978
25/469,Adam Herout,0.003472892147404978
158/9487,Neelanjan Bhowmik,0.003472892147404978
43/3031,Toby P. Breckon,0.003472892147404978
334/3666,Shivanand Kundargi,0.003472892147404978
327/3588,Tejas Anvekar,0.003472892147404978
193/5852,Uma Mudengudi,0.003472892147404978
278/2682,Arpita Vats,0.003472892147404978
77/444,Delong Liu,0.003472892147404978
92/6499,Yonglin Li,0.003472892147404978
262/1396,Shuman Li,0.003472892147404978
95/8314,Chenhao Tan,0.003472892147404978
326/8810,Vladimir Somers,0.003472892147404978
57/3965,Christophe De Vleeschouwer,0.003472892147404978
48/3455,Alexandre Alahi,0.003472892147404978
271/1528,Hsiang-Wei Huang,0.003472892147404978
03/10433,Cheng-Yen Yang,0.003472892147404978
205/3972,Pyong-Kun Kim,0.003472892147404978
334/4354,Kwangju Kim,0.003472892147404978
203/7566,Kyoungoh Lee,0.003472892147404978
45/5080,Shuai Jiang,0.003472892147404978
40/4099,Haiwen Li,0.003472892147404978
334/4120,Zheng Ziqiang,0.003472892147404978
295/2794,Hai Nguyen-Truong,0.003472892147404978
294/6135,Sophia Yang,0.003472892147404978
331/1442,Xiu-Yu Hou,0.003472892147404978
334/3785,Yu-An Jhang,0.003472892147404978
175/6341,Simon Yang,0.003472892147404978
83/3765,Mau-Tsuen Yang,0.003472892147404978
92/3836,Shimin Gong,0.003424657534246575
66/6604,Zhiyong Lu,0.003424657534246575
354/8723,Binnan Han,0.003424657534246575
173/6750,Ren Yang,0.003424657534246575
72/2590-31,Jing Liu 0031,0.003424657534246575
14/5580-3,Yi Xu 0003,0.003424657534246575
11/7346,Xinjian Zhang,0.003424657534246575
70/2526,Minyi Zhao,0.003424657534246575
09/1365-106,Xin Li 0106,0.003424657534246575
290/8675,Fanglong Liu,0.003424657534246575
48/2524,He Zheng,0.003424657534246575
290/8431,Lielin Jiang,0.003424657534246575
52/323-29,Qi Zhang 0029,0.003424657534246575
37/4556-3,Fu Li 0003,0.003424657534246575
157/8242,Qingqing Dang,0.003424657534246575
204/7627,Yibin Huang,0.003424657534246575
228/1334,Zhongqian Fu,0.003424657534246575
120/4356,Shuai Xiao,0.003424657534246575
185/0705,Thomas Tanay,0.003424657534246575
01/2674,Fenglong Song,0.003424657534246575
254/8184,Wentao Chao,0.003424657534246575
72/1985,Qiang Guo,0.003424657534246575
41/3068,Jiang Li,0.003424657534246575
23/9252,Xiaochao Qu,0.003424657534246575
290/8467,Lyn Jiang,0.003424657534246575
83/8652,Di You,0.003424657534246575
276/3204,Chong Mou,0.003424657534246575
271/7403,Iaroslav Koshelev,0.003424657534246575
227/2398,Pavel Ostyakov,0.003424657534246575
65/2014,Andrey Somov,0.003424657534246575
90/7828-5,Jia Hao 0005,0.003424657534246575
150/8081,Xueyi Zou,0.003424657534246575
153/2271-1,Shijie Zhao 0001,0.003424657534246575
74/9057,Xiaopeng Sun,0.003424657534246575
87/8054,Yiting Liao,0.003424657534246575
60/5759,Yuanzhi Zhang,0.003424657534246575
97/6505-6,Qing Wang 0006,0.003424657534246575
190/4402,Gen Zhan,0.003424657534246575
251/3532,Mengxi Guo,0.003424657534246575
66/6872,Junlin Li,0.003424657534246575
15/5997,Ming Lu,0.003424657534246575
09/2949,Zhan Ma,0.003424657534246575
63/1474,Pablo Navarrete Michelini,0.003424657534246575
81/4581,Yiyun Chen,0.003424657534246575
179/2055,Jingyu Guo,0.003424657534246575
11/11486,Liliang Zhang,0.003424657534246575
75/2339,Wenming Yang,0.003424657534246575
98/623,Sijung Kim,0.003424657534246575
290/9417,Syehoon Oh,0.003424657534246575
266/5792,Yucong Wang,0.003424657534246575
23/1867,Wei Hao,0.003424657534246575
255/0726,Kangdi Shi,0.003424657534246575
253/0854,Liangyan Li,0.003424657534246575
85/5901-5,Jun Chen 0005,0.003424657534246575
05/298,Wang Liu,0.003424657534246575
08/6869,Linjie Zhou,0.003424657534246575
83/9144,Sixin Lin,0.003424657534246575
42/8699,Ru Wang,0.003424657534246575
84/8761,Nancy F. Chen,0.0033764229210881728
02/5889,Yu Wang,0.0033764229210881728
02/4647-6,Chao Ren 0006,0.0033764229210881728
06/4240-15,Zhe Chen 0015,0.0033764229210881728
28/7717,Yibo Yang,0.0033764229210881728
56/5807-1,Xian-Sheng Hua 0001,0.0033281883079297704
p/FatihMuratPorikli,Fatih Porikli,0.0033281883079297704
83/1359-1,Daqing Zhang 0001,0.0033281883079297704
33/6588,Jiangning Song,0.0033281883079297704
91/9687,Fayao Liu,0.0033281883079297704
67/9559-1,Yongxu Liu 0001,0.0033281883079297704
03/4043,Le Zhang,0.0033281883079297704
181/2812-73,Hao Wang 0073,0.0033281883079297704
77/9359,Chenguang Zhang,0.0033281883079297704
284/3752,Mengmeng Bai,0.0033281883079297704
354/8801,Jia Ouyang,0.0033281883079297704
227/7234,Jiahui Yuan,0.0033281883079297704
63/6796,Bo Yan,0.0033281883079297704
88/7870,Zhuang Li,0.0033281883079297704
72/1365,Yadong Li,0.0033281883079297704
98/3467,Hongbin Wang,0.0033281883079297704
183/1746,Minghan Fu,0.0033281883079297704
204/8916,Rayyan Azam Khan,0.0033281883079297704
63/4426,Fang-Xiang Wu,0.0033281883079297704
25/2208,Yan Luo,0.0033281883079297704
348/9263,Shuaibo Gao,0.0033281883079297704
136/9842,Wenhui Wu,0.0033281883079297704
354/9049,Sicong Kang,0.0033281883079297704
327/3361,Nikhil Akalwadi,0.0033281883079297704
354/8384,Ankit Raichur,0.0033281883079297704
354/8191,Vinod Patil,0.0033281883079297704
361/2745,Allabakash Ghodesawar,0.0033281883079297704
361/3155,Swaroop Adrashyappanamath,0.0033281883079297704
277/7891-1,Amogh Joshi 0001,0.0033281883079297704
253/9907,Ujwala Patil,0.0033281883079297704
75/5498,Uma Mudenagudi,0.0033281883079297704
129/7659,Sicheng Li,0.0033281883079297704
354/8214,Jiazheng Lian,0.0033281883079297704
231/1060,Shusong Xu,0.0033281883079297704
182/3820,Zihao Liu,0.0033281883079297704
115/9656,Junjie Yan,0.0033281883079297704
c/XilinChen,Xilin Chen 0001,0.0033281883079297704
60/1529-1,Ruiping Wang 0001,0.0033281883079297704
25/4108-1,Hongbo Jiang 0001,0.003279953694771368
41/1572,Yingjie Zhou,0.003279953694771368
61/9197,Bihuan Chen 0001,0.003279953694771368
58/9145-1,Shiqi Wang 0001,0.003279953694771368
09/1365-82,Xin Li 0082,0.003279953694771368
74/4607,Kun Yuan,0.003279953694771368
368/6730,Yajing Pei,0.003279953694771368
202/4926,Yiting Lu,0.003279953694771368
39/1471-8,Ming Sun 0008,0.003279953694771368
72/4184-3,Chao Zhou 0003,0.003279953694771368
376/5887,Linhan Cao,0.003279953694771368
166/3228,Qiubo Chen,0.003279953694771368
13/7007-9,Lei Li 0009,0.003279953694771368
250/1091,Han Kong,0.003279953694771368
203/1536,Wenxuan Wang,0.003279953694771368
223/5019,Mengduo Yang,0.003279953694771368
00/5012-1,Jie Zhou 0001,0.003279953694771368
43/4804,Da Li,0.003279953694771368
376/6510,Jiazhi Du,0.003279953694771368
94/8672,Zhibo Li,0.003279953694771368
87/7883,Shuai He,0.003279953694771368
52/3276,Anlong Ming,0.003279953694771368
39/10696,Huiyuan Fu,0.003279953694771368
23/2702,Yong Wu,0.003279953694771368
376/5720,Fie Xue,0.003279953694771368
225/7439,Guozhi Zhao,0.003279953694771368
130/1023,Lina Du,0.003279953694771368
77/2751,Jie Guo,0.003279953694771368
42/9889,Huimin Zheng,0.003279953694771368
215/2594,Junhao Chen,0.003279953694771368
376/5368,Dulan Zhou,0.003279953694771368
335/8976,Qisheng Xu,0.003279953694771368
328/5733,Zhixiang Ding,0.003279953694771368
50/8499-1,Haoyu Wang 0001,0.003279953694771368
97/2966-2,Chang Xu 0002,0.003279953694771368
16/0-8,Min Wu 0008,0.0032317190816129656
94/7837,Shivam Bhasin,0.0032317190816129656
130/4548,Aleksandr Sizov,0.0032317190816129656
c/AdrianDavidCheok,Adrian David Cheok,0.0032317190816129656
236/4960,Dongzhan Zhou,0.0032317190816129656
03/6872-1,Yong-Jin Liu 0001,0.0032317190816129656
183/2642,Weisong Sun,0.0032317190816129656
386/9174,JianHui Sun,0.0032317190816129656
68/4942-1,Jian Sun 0001,0.0032317190816129656
39/3695,Xiaochun Cao,0.0032317190816129656
86/5681,Rongrong Ji,0.0032317190816129656
95/6812,Zengxiang Li,0.0031834844684545628
129/1217,Semih Yavuz,0.0031834844684545628
196/3124,Weixia Zhang,0.0031834844684545628
00/1357,Tai Wang,0.0031834844684545628
244/9313,Qirui Yang,0.0031834844684545628
72/51,Zhiqiang Xu,0.0031834844684545628
52/3901,Gang Wei,0.0031834844684545628
00/5815-1,Yun Fu 0001,0.0031834844684545628
178/8725,Baosheng Yu,0.0031834844684545628
195/8270,Xingjun Ma,0.0031834844684545628
98/153,Ying-Chang Liang,0.0031352498552961604
