pid,name,pagerank_score
145/4239,Jiawen Kang 0001,0.001038670735796407
174/9863,Zehui Xiong,0.0009134548605289656
174/9678,Hongyang Du,0.0008084105883781403
91/3680-8,Li Shen 0008,0.0007271225476367065
83/514,Zhu Han 0001,0.0006855395121257758
05/3499-37,Jing Zhang 0037,0.0006472945575002659
l/XuelongLi,Xuelong Li 0001,0.0006468201327859771
82/6362-1,Qiang Yang 0001,0.0005802534035887895
150/6667,Tongliang Liu,0.0005674194529004004
05/6300-2,Ziwei Liu 0002,0.0005591372018899852
70/6443-1,Bo Du 0001,0.0005247925639800474
03/6772,Amir Hussain 0001,0.0004935763896296143
86/1369,Dong In Kim,0.0004862771952747528
l/EePengLim,Ee-Peng Lim,0.00048209916176508033
127/0713,Xiaofei Xie,0.00048145990329878565
88/3340-6,Liang Ding 0006,0.0004722345649630751
36/4118,Haizhou Li 0001,0.000469389186504526
76/3131,Cyril Leung,0.00046832026689830824
29/4867-20,Yong Liu 0020,0.00044789875372525697
s/JunSun1,Jun Sun 0001,0.00043817359844341096
65/1792,Huamin Qu,0.0004197108791798586
37/8852,Dinh Thai Hoang,0.0004188155308987917
24/8616,Radu Timofte,0.00041109141469819715
77/7902-4,Tianwei Zhang 0004,0.0003995428637830479
08/1924,Kai Keng Ang,0.0003989054502584877
191/5298,Shangchen Zhou,0.0003987786036102281
25/3038-5,Qing Guo 0005,0.0003977282502738176
l/XiaoliLi,Xiaoli Li 0001,0.0003967643897635034
37/1304-1,Ping Wang 0001,0.00039664612614317464
285/1721,Minrui Xu,0.00039348938175833514
24/6606,Tat-Seng Chua,0.00039300260951599403
y/ShuichengYan,Shuicheng Yan,0.00038499236318990547
116/4904,Soujanya Poria,0.0003849804451581797
35/5873,Ivor W. Tsang,0.00037997121609441135
142/8486,Yibing Zhan,0.00037857593217289473
k/AlexChiChungKot,Alex C. Kot,0.00037730397421693575
82/5713,Lizhen Cui,0.00037463065348680306
93/6765-1,Meng Wang 0001,0.0003741858618543402
324/1909,Rui Mao 0010,0.00036895241250286
57/5272-2,Yong Luo 0002,0.00036717523763854184
01/753,Chau Yuen,0.0003667335094197505
204/3729,Yuekang Li,0.00036435108318801296
t/StephenJohnTurner,Stephen John Turner,0.000361155539728655
55/7901-1,Xianglong Liu 0001,0.0003608247214364369
173/5360-1,Nguyen Cong Luong 0001,0.00036017256641983553
48/1091-1,Yiqiang Chen 0001,0.0003524167945082116
53/6088,Dahua Lin,0.0003518654658179395
18/6404-1,Abhishek Gupta 0001,0.0003507872716882929
36/4847,Victor C. M. Leung,0.00034741450942225047
07/1560,Byron Choi,0.0003460889507249902
56/432,Joo-Hwee Lim,0.0003452981603186819
33/6517,Jin Song Dong,0.0003426743481239322
p/HVincentPoor,H. Vincent Poor,0.0003327654438859435
21/1136,Wu Jigang,0.00033106904334989575
18/5410-4,Di Wang 0004,0.0003306888677751542
99/4522,Xinbo Gao 0001,0.0003273635529719545
20/6534-3,Lei Ma 0003,0.000326054448999773
207/1743,Jiangtian Nie,0.00032491664787128
s/XueminShen,Xuemin Shen,0.00031899814172832496
199/6413,Xinrun Wang,0.0003144349593755938
49/3283-5,Wei Liu 0005,0.0003139369800128031
225/4682,Fengxiang He,0.0003131244414842153
19/3230,Guangtao Zhai,0.0003125049391076381
169/5585,Chongyi Li,0.000310526715604467
31/9004,Yuming Fang,0.00030792259862264405
07/5681-1,Liang Feng 0001,0.0003067745115706877
98/8479,Mingming Gong,0.0003061016492210837
t/NadiaMagnenatThalmann,Nadia Magnenat-Thalmann,0.0003031057294373094
84/8411,Peilin Zhao,0.0003006866605267733
71/5333,Mingli Song,0.00029886053489455326
72/3380,Shi-Qing Xin,0.00029647368532863353
80/7282,Caiming Xiong,0.0002956509351034717
06/6785-25,Yang Zhang 0025,0.0002956223265728853
33/1903,Xiaokui Xiao,0.0002940430022400398
177/5658,Aishan Liu,0.00029339205221213567
174/7172,Chaoyue Wang,0.0002929184111686985
59/3754-3,Han Hu 0003,0.00029269792590398333
115/7106-1,Jiacheng Wang 0001,0.0002888913755605784
23/8015,Xinchao Wang,0.00028738174892663134
94/7837,Shivam Bhasin,0.00028486397514068874
163/5129-1,Zhu Sun 0001,0.00028276973542656236
84/4581-1,Nan Zhao 0001,0.0002822038134056202
70/6176-1,Bin Ma 0001,0.00028028530843637775
h/StevenCHHoi,Steven C. H. Hoi,0.0002791704108662736
00/5480,See-Kiong Ng,0.00027686949268475623
75/1281,Ling Shao 0001,0.0002764373265885693
227/6598,Ruichen Zhang,0.00027183153192766066
03/6872-1,Yong-Jin Liu 0001,0.0002692116710359832
200/7275,Cen Zhang,0.0002690181670217039
43/5957,Meng-Hiot Lim,0.00026854340007151546
119/5942,Ming-Feng Ge,0.00026777820885030216
c/AdrianDavidCheok,Adrian David Cheok,0.00026664282791065636
w/RaymondChiWingWong,Raymond Chi-Wing Wong,0.0002666013978504639
255/5085,Yihao Huang 0001,0.0002665973900419647
134/1620,Ruicheng Feng,0.0002656278284374118
92/249,A. Prasad Vinod 0001,0.0002653538535280961
183/0183,Zhengzi Xu,0.0002648945252213179
06/4240-15,Zhe Chen 0015,0.0002641617425762067
96/6014,Xiong Xiao,0.00026085039247162933
15/1123,Mohsen Guizani,0.0002601959023706173
97/4626-69,Yi Liu 0069,0.00025904178554022266
140/4707,Changxing Ding,0.00025720283771484264
09/3625,Mehdi Bennis,0.0002562582484412396
28/10770,Lefei Zhang,0.0002551840705671582
83/1359-1,Daqing Zhang 0001,0.00025297894035105316
04/1538,Edwin Lughofer,0.0002524503284824501
09/3493-1,Dong Xu 0001,0.00025231018355787506
h/BingshengHe,Bingsheng He,0.00025088361050281587
151/7878,Ming Chi,0.0002508602641700011
00/5179-1,Rui Tan 0001,0.0002506061934535157
98/153,Ying-Chang Liang,0.00025035105337781725
137/8830,Tianlin Li,0.0002497583040818875
176/8839,Yonghui Xu,0.0002479236463034206
25/4108-1,Hongbo Jiang 0001,0.00024762870840224773
92/3836,Shimin Gong,0.00024753326257999256
54/4934,Björn W. Schuller,0.0002474425234489163
119/4173,Meiqing Wu,0.00024736141818343296
180/8218-1,Sen Chen 0001,0.0002428898967863811
51/3710-165,Yang Liu 0165,0.00024221740375723885
16/0-8,Min Wu 0008,0.00024174820193072972
43/3254,Haihong Zhang,0.00024020359242901562
56/1673,Chunhua Shen,0.00024000355610454493
03/5204-1,Xinmei Tian 0001,0.00023949076143497302
76/847-6,Lei Feng 0006,0.0002393895890853065
70/3604-6,Chen Qian 0006,0.0002383826248850372
67/2667,Milind Tambe,0.00023819498759819867
24/2670,Rick Siow Mong Goh,0.00023795326290594
89/3076,Chi-Hung Chi,0.00023770924430120818
95/5912,Guang-Bin Huang,0.0002365198736509224
q/YuQiao1,Yu Qiao 0001,0.0002352795753466824
91/195-7,Chi Zhang 0007,0.0002333502906034288
w/DPWoodruff,David P. Woodruff,0.00023275953800617094
42/3332,Junsong Yuan 0001,0.00023268160527662154
134/8681,Guozhu Meng,0.0002315333126787886
95/1161-1,Kun Zhu 0001,0.00022979796260733597
236/9144,Gelei Deng,0.00022925623628104502
232/3190,Zhongang Cai,0.0002291423601161718
264/5802-1,Haoning Wu 0001,0.00022581259501253448
l/MalcolmYokeHeanLow,Malcolm Yoke Hean Low,0.00022495080645327164
52/3003,Shiwen Mao,0.00022406420507035406
163/6525,Chengwei Liu,0.00022331876671490017
26/1181,Haihua Xu 0001,0.0002226568763050123
17/6484,Chuan Heng Foh,0.00022227953210487506
16/9879,Wenxiu Sun,0.00022225920445238697
10/5630,Xin Wang,0.0002220309335947974
56/5807-1,Xian-Sheng Hua 0001,0.00022131169026272314
45/1224,Ekram Hossain 0001,0.0002209819044380993
123/5110,Joey Tianyi Zhou,0.0002206250470719365
22/2383,Suiping Zhou,0.0002205719273790403
52/9457,Chenliang Li,0.00021927839551887692
81/9436-1,Da Yan 0001,0.0002191276579526795
95/6812,Zengxiang Li,0.0002189067280142133
t/ChewLimTan,Chew Lim Tan,0.00021872226454496105
230/1216,Henghui Ding,0.00021862928951109654
61/9197,Bihuan Chen 0001,0.00021788085559366639
73/7055,Yinxing Xue,0.00021709757144379406
a/DavidAtienza,David Atienza,0.00021705227228736295
91/9687,Fayao Liu,0.00021511434714704855
239/4017,Xiangtai Li,0.000215019812107272
53/6625,Lidong Bing,0.00021469537926415878
35/11103,Felix Juefei-Xu,0.00021319028560009838
50/5754-2,Jun Yu 0002,0.00020947714359770164
74/7037-14,Liu Liu 0014,0.00020946147819372518
160/7918,Debjyoti Bhattacharjee,0.00020893023523990245
97/2966-2,Chang Xu 0002,0.00020888214720671467
03/2511-2,Hui Fang 0002,0.00020851036524385897
38/5125,Juyong Zhang,0.00020833848835535377
84/3795,Nan Li,0.00020821521035578613
149/1281-1,Shanshan Feng 0001,0.00020819769469811351
78/4473,Yin-Leng Theng,0.00020782986370238533
95/10521,Xiaojiang Chen,0.0002075945284709754
68/6526,Iti Chaturvedi,0.00020717143988606014
16/1234-1,Zhuo Zhang 0001,0.00020681743122179905
76/4975,Abbas Jamalipour,0.00020669852664318756
61/1140,Jinwei Gu,0.0002059871727068112
77/8060-1,Yueming Wu 0001,0.00020552656671290868
178/8725,Baosheng Yu,0.000205145038752649
84/10716,Guibing Guo,0.00020511040491554588
57/5656,Xiaojun Jia,0.000204870092475556
62/6016-1,Jiaxing Huang 0001,0.00020455964545038963
93/2671,Wangmeng Zuo,0.00020444848419450614
64/2903-2,Bo Dai 0002,0.00020425680023018712
88/6731-1,Jie Lin 0001,0.00020306517379945307
38/803,Chi-Wing Fu,0.00020228998273500706
40/7018-5,Yuan Zhou 0005,0.00020164688759280978
l/XiangYangLi,Xiang-Yang Li 0001,0.00020156324595035934
81/2641,A. Benjamin Premkumar,0.0002010321172088645
84/8761,Nancy F. Chen,0.00020048315300047142
27/2403,Yunhao Liu 0001,0.00020009404781649718
35/203,Zhenjiang Li,0.00019924789849694657
89/2619,Reynold Cheng,0.00019889789720205304
t/PhilipHSTorr,Philip H. S. Torr,0.00019868549468577567
88/619-6,Peng Sun 0006,0.00019863664833456464
50/8731,Wayne Wu,0.00019830195815395143
13/9079-1,Ke Gu 0001,0.0001979679330260151
02/7781-1,Shanshan Zhao 0001,0.00019780011683247968
92/6630,Leida Li,0.00019750656233047308
91/10215,Xulei Yang,0.00019701710901341528
249/8429,Xiaobao Wu,0.0001969572666324387
43/7400,Yufei Xu,0.0001969282465924122
l/KenliLi,Kenli Li 0001,0.00019569537832384812
42/8374,Qingyao Wu,0.00019441368122079513
160/3845,Anubhab Baksi,0.00019425097189712667
153/2475,Prasanna Ravi,0.00019422904687695227
45/5411,Nan Guan,0.00019365416880090972
04/5226,Xiaoou Tang,0.00019310118858009291
01/9308,Suranga Nanayakkara,0.00019266796812705966
14/6306,Rainer Leupers,0.00019221955592832438
58/9145-1,Shiqi Wang 0001,0.000192211258850607
15/4777-63,Tao Zhang 0063,0.00019106665372335243
52/6482,Zhenchang Xing,0.00019085918568558546
242/6467,Seanglidet Yean,0.00019078593550590515
85/3079,Debdeep Mukhopadhyay,0.00019051864837761056
52/4513,Huaxiong Wang,0.00019032267991728687
17/7992,Wanli Ouyang,0.0001900306402685575
79/3711,Ming-Hsuan Yang 0001,0.00018963332601164284
12/1367,Gabriel Kreiman,0.0001889598501292714
50/8499-1,Haoyu Wang 0001,0.00018890375796093133
49/5418,Xiaoli Tang,0.00018779495933560209
03/7457,Zhenghua Chen,0.00018745130676275833
73/7781,Baoyuan Wu,0.00018704284096749066
86/5681,Rongrong Ji,0.00018677085586392834
147/1237-1,Jieming Shi 0001,0.00018667133600854384
73/9801,Kok Soon Phua,0.00018617420954191035
39/3695,Xiaochun Cao,0.00018584033084871772
50/2484-45,Lei Yang 0045,0.00018540696375610657
150/9712,Qingqing Wu 0001,0.0001853681255687489
32/10216,Guiyuan Jiang,0.0001846487744073071
133/4527,Hongyuan Zhu,0.00018443678556890326
94/190-2,Jie Zheng 0002,0.00018336014486499934
80/3909,Dingyi Fang,0.00018303405663298356
x/JianliangXu,Jianliang Xu,0.00018285237131419012
y/PhilipSYu,Philip S. Yu,0.00018210153298718566
182/7262,Anxiang Zeng,0.00018189576526806496
16/1278-5,Chao Dong 0005,0.0001818296095543257
151/4420-1,Tiantian He 0001,0.00018171601824313466
23/6574,Terence Hung,0.0001814411623006049
193/4403,Zicheng Zhang,0.0001807445091258182
46/3348,Sumei Sun,0.00018027355028885311
28/7717,Yibo Yang,0.0001802629648704375
23/1818,Zheng-Jun Zha,0.00018014368615148387
59/1501,Richang Hong,0.00017964880546951994
16/6533,Yiyu Cai,0.0001794825169775623
12/4846,Liangpei Zhang 0001,0.00017945428010633608
92/2954-8,Feng Li 0008,0.0001791513345998289
10/4661-12,Wei Zhang 0012,0.00017913982140764886
145/1096,Bohan Zhuang,0.0001783546791224916
54/6827,Zhiwei Xiong,0.0001783320907679916
183/2642,Weisong Sun,0.00017821384268732303
331/2274,Yuekun Dai,0.00017798709790104066
178/9876,Lingjuan Lyu,0.0001778338905582004
191/2446,Frank Z. Xing,0.00017766976950106094
56/443,Jinghui Zhong,0.0001767494117494618
35/1228,Masashi Sugiyama,0.00017614640453099607
20/3716,Zhifeng Bao,0.00017602141264737726
87/2948-2,Yuan Liu 0002,0.0001757093789510152
11/2636-3,Lingling Fan 0003,0.0001756406526696109
72/5816,Huanhuan Chen,0.00017554412991247818
35/4372,Subhamoy Maitra,0.00017487502618213278
m/SanjayKumarMadria,Sanjay Kumar Madria,0.000174359206267538
207/1901,Jianqiang Huang,0.00017434523259747553
n/GeokSeeNg,Geok See Ng,0.00017334062607364986
139/6983,Xiongkuo Min,0.00017307160607212324
75/4085,Mérouane Debbah,0.0001725034103346853
84/3254-1,Fei Wu 0001,0.00017242596136605082
01/5858,Yang Gu,0.00017211940477992104
02/4647-6,Chao Ren 0006,0.00017050048073303609
183/6637,Chongwen Huang,0.00017048956402370934
42/6896-1,Ting Su 0001,0.0001703460107086103
35/4621,Kong-Aik Lee,0.00017027018745145302
215/3264,Qingpeng Zhu,0.0001701933483285068
85/6463-1,Bo Ai 0001,0.0001701845062317465
41/6237,Walid Saad,0.00017014760191230707
65/4423-75,Chen Chen 0075,0.0001698868474364001
150/5634,Changyan Yi,0.0001696635263557458
26/4850,Wen-Jing Hsu,0.00016911456957911228
93/8841,Dilip K. Prasad,0.0001687519884274358
20/4471,Cheng Deng,0.0001682827697072355
21/8587-2,Chen Gong 0002,0.00016807391886059715
08/162,Aung Aung Phyo Wai,0.00016803440761962277
195/8988,Chuanxia Zheng,0.00016748245267203326
178/8621,Zhiguang Cao,0.00016722939871045977
j/ChristianSJensen,Christian S. Jensen,0.00016712148322709433
02/5336,Gerd Ascheid,0.00016612631747576044
205/8767,Siyuan Liang,0.00016600207410499178
55/3346,Christian Theobalt,0.00016588236032937968
122/2673,Junhui Hou,0.00016566232041125844
40/5402,Siwei Ma,0.00016543317720237087
149/8306,Zhiwei Zeng,0.00016501207276095787
24/3702,Fei Hou,0.00016439260789672018
55/5031,Bin Cui 0001,0.0001639207906350881
21/7664,Jianye Hao,0.00016369646790461107
71/6601,Wei Guo,0.00016365490481434327
06/4171,James Cheng,0.0001634447374439066
181/2839-26,Kai Chen 0026,0.0001632511450108621
189/5885,Yuchen Hu,0.000163056829183204
23/108-1,Jiang Liu 0001,0.00016298351292937457
52/6744,Shuigeng Zhou,0.00016285663273901357
07/6149,Zhi-Hong Guan,0.0001625562379179146
d/LingyuDuan,Ling-Yu Duan,0.00016242762025059596
07/314-1,Jian Zhang 0001,0.0001621834566002184
80/1737,Bertil Schmidt,0.00016157887099638166
79/1442-6,Chao Xu 0006,0.00016150647257220233
118/5100,Neethu Robinson,0.0001615027827985936
g/XianfengGu,Xianfeng Gu,0.0001613087528744967
69/6707,Tien Yin Wong,0.00016107412148369402
53/1471,Puay Siew Tan,0.00016092331181951332
08/2489-1,Xiaohong Li 0001,0.0001601860958257094
205/3991,Xintao Wang,0.00016018422695223287
19/2969-1,Jindong Wang 0001,0.00015993540338472145
65/657,Hengjie Song,0.0001598800935725035
16/6654,F. Richard Yu,0.00015978222198839663
05/3403-8,Xin Zhou 0008,0.00015963383420524048
64/5725-16,Long Chen 0016,0.0001596052088391179
169/7255,Yukun Ma,0.00015932371201374856
49/5139,Vijay Ramaseshan Chandrasekhar,0.0001589052829331523
20/6179-1,Kui Ren 0001,0.00015881399713742281
g/WenGao,Wen Gao 0001,0.00015680777056048973
73/1778,Choong Seon Hong,0.00015667744673436424
97/1049,Michael Lees,0.00015659871405607537
06/3071-1,Xiaokang Yang 0001,0.0001565423827233507
191/8896,Ziyao Liu,0.0001565179403686041
202/8872-1,Anran Li 0001,0.00015646219967694691
252/1240,Wanli Ni,0.0001561599741290776
207/8653,Shangqing Liu,0.00015598986936233702
184/2181,Ranjan Satapathy,0.00015568080748915166
31/3668-1,Geng Sun 0001,0.00015565004947276875
68/10002,Fusang Zhang,0.00015522614519291645
27/2376,Edwin Hsing-Mean Sha,0.00015487423466486452
31/578,Yan-Wu Wang,0.00015463297463601716
75/1683-2,Gang Yu 0002,0.00015444302436055926
77/2428-3,Ping Zhang 0003,0.00015407162344064021
77/2970-1,Xin Cao 0001,0.00015399831314023358
54/4989-2,Ping Luo 0002,0.0001539088215156455
67/4236,Jinqiao Wang,0.00015359980731009448
127/6132,Qianru Sun,0.00015353571279306657
72/8614,Yingbo Zhou,0.0001532259001600078
91/6236-1,Xiaogang Wang 0001,0.00015295958220108252
y/XifengYan,Xifeng Yan,0.00015282313218653807
33/1678,Geguang Pu,0.0001527403427834379
29/3081,Fan Yang,0.00015188671868299935
64/6025-190,Wei Li 0190,0.00015179564232793857
20/8038-2,Yixin Cao 0002,0.00015179344340565182
p/JianPei,Jian Pei 0001,0.00015175112473078613
205/2918,Tianyue Zheng,0.0001516999874836753
97/3742,Guangming Shi,0.0001516695711245332
47/8889-1,Thomas Laurent 0001,0.0001515310428825759
21/2715-31,Lei Liu 0031,0.00015146882348675587
85/1201,A. Kai Qin,0.0001512104342252697
f/SchubertFoo,Schubert Foo,0.0001510534028609233
40/3865,Chuanchu Wang,0.00015104717873113267
40/1491,Xiang Li,0.0001509412146972995
61/5309,Mung Chiang,0.00015077591731317336
76/1735,Yixiang Fang,0.00015039272495306904
64/6544,Yi Zhang,0.00015034302281386963
53/1565,Xiapu Luo,0.00015017305504561637
50/2082-17,Yang Zhao 0017,0.0001501695681710064
98/5684-3,Wenjie Zhang 0003,0.00015004496698861264
22/7733,Qiong Cao,0.00015002826310739969
t/JeanPhilippeThiran,Jean-Philippe Thiran,0.00015000759177393166
79/627-1,Hong Qin 0001,0.0001496528953700025
26/3470-3,Qian Sun 0003,0.00014964109728837823
14/6370-1,Xin Peng 0001,0.00014960227452468357
07/954,Zhenzhong Chen,0.00014954590797885525
186/9707,Liangming Pan,0.0001494660754479016
94/4423,Xun Yi,0.00014934612681558612
147/5824-1,Hongxu Chen 0001,0.0001492737154858692
122/5343,Chenghui Peng,0.00014903912211366486
219/5327,Peiqing Yang,0.00014899361548551636
199/1893,Shaohan Feng,0.0001488893424736907
32/6230,Shengli Xie,0.00014837737888041957
20/2165-8,You Zhou 0008,0.00014783115375061493
56/8278,Jiashi Feng,0.0001477512373483651
14/8431,Haibo Zhou,0.00014762623953428492
40/3934-4,Dong Wang 0004,0.00014759735939019487
17/1152-5,Wei Feng 0005,0.0001472872042715055
232/2265,Hongyuan Yu,0.00014725771044688535
78/50,Boris Grot,0.0001470893553304311
90/549-1,Zhaohui Yang 0001,0.0001469930305446093
59/2741,Xiang Bai,0.00014652720844874088
60/657,Zhongke Wu,0.00014652218431874923
95/4442,Peng Wang,0.00014623995801979028
195/8270,Xingjun Ma,0.0001459496803039067
32/32,Wei Ma,0.00014591788472154092
64/5845-1,Yuan Yuan 0001,0.00014560106124045566
m/StephenJMaybank,Stephen J. Maybank,0.0001453440986161298
188/6350,Yi Tay,0.00014526638109136548
a/KarlAberer,Karl Aberer,0.0001452558459430501
178/8719,Mengchen Zhao,0.00014516792038545527
82/378-3,Ming Hu 0003,0.00014512153033708144
96/6496,Xiaofeng Tao,0.00014470052061334849
46/1165,Haijun Wang,0.00014454913921894134
12/5913-1,Kai He 0001,0.00014444253989601862
55/6071,Chi Keong Goh,0.00014421822653323026
254/1228,Rundong Wang,0.00014407728342789438
249/8316,Nandish Chattopadhyay,0.00014401879795574918
222/7868,Yuxuan Du,0.0001436785813743773
71/8042,Xiaoxiao Li,0.00014365478884039684
124/0310,Chunrong Fang,0.00014348650792987623
05/4824,Roy E. Welsch,0.0001432640548778884
75/7384,Jun Jia,0.00014311654949663766
58/6810-41,Li Wang 0041,0.00014250940636516168
09/5042-29,Wei Sun 0029,0.00014249432396910277
86/2624,Long Ye,0.00014239246845104572
73/1823,Chuan Sheng Foo,0.00014230449271496458
77/2927,Pengcheng Wu,0.00014209965308132824
78/5816-3,Jun Cheng 0003,0.00014198499569391236
49/4096,Wenping Wang,0.00014185855846899156
121/0867,Haoliang Li,0.00014184187084238881
55/4292,Sreenatha G. Anavatti,0.00014171025025512527
63/7379-2,Suresh Sundaram 0002,0.00014163155924123527
79/1490,Roger Zimmermann,0.0001413253881871578
10/217,Cheng Chen,0.00014120715540291747
50/671,Yu Zhang,0.00014108690421661094
67/463,Meng Fang,0.00014077250335194706
343/4311,Jinbo Wen,0.00014073628265094353
n/KingNgiNgan,King Ngi Ngan,0.0001405725279086969
94/7131,Guanghui Wen,0.00014051406301444515
t/KayChenTan,Kay Chen Tan,0.0001404834196519573
77/1243,Wei Xia,0.00014028382260909212
144/7556,Daoyuan Wu,0.00014017814150747484
20/10243,Gongjie Zhang,0.000140014086535255
83/5342-5,Min Zhang 0005,0.00013980484847835986
61/5017,Luc Van Gool,0.00013979078371948285
59/1007,Xiangnan He 0001,0.00013964211381906224
84/2644-1,Jingren Zhou 0001,0.0001395589046523573
49/4409,Chunhua Xiao,0.00013935522982445257
188/9082,Yequan Wang,0.00013930152078343928
91/8171,Shirui Pan,0.00013884670068673618
277/9378,Bosheng Ding,0.0001386921337918837
293/7155,Longtao Zheng,0.00013863280905204926
23/1112-1,Weifeng Liu 0001,0.00013841945190842003
10/3849,Budhitama Subagdja,0.0001383008672962117
18/1099,Xinghua Qu,0.00013813261969891624
h/ThomasSHuang,Thomas S. Huang,0.00013811820333486843
17/4590,Zexuan Zhu,0.00013804680234140164
66/6819,Chonho Lee,0.00013776832953791367
16/7565-1,Jie Fu 0001,0.0001377463797692363
48/9230,Chongjia Ni,0.00013750360173332693
120/8258,Effie Chew,0.00013743880220901255
140/7434,Kaiyu Feng,0.00013737125877379673
78/3204-6,Feng Tian 0006,0.000137342286966173
170/4080,Quoc-Viet Pham,0.00013702844328610818
50/3578,Silvio Savarese,0.00013699069976865613
39/10651,Ruitao Feng,0.00013690296528221372
a/SihemAmerYahia,Sihem Amer-Yahia,0.000136763270770584
82/6302,Yiwen Chen,0.0001366168536360698
169/9975,Bryan Hooi,0.0001365184232838353
45/2091-1,Yao Zhao 0001,0.0001362155483466264
71/4476,Enamul Hoque,0.0001360448591513285
79/1648,Matej Kristan,0.00013597766814267713
12/5444-1,Tao Mei 0001,0.00013596753316041238
59/983-1,Yixin Chen 0001,0.00013595615125569724
94/60,Hongfang Yu,0.00013595048119252154
05/10163,Jakub Breier,0.00013582338293189705
195/2732,Chengwei Qin,0.00013544154428982974
57/6221-6,Sen Zhang 0006,0.00013543370659193128
152/8201,Xiucheng Li,0.00013530803695421614
66/6604,Zhiyong Lu,0.00013529523974979574
92/8277,Liqiang Nie,0.00013527848247529148
218/7793,Yueting Zhuang,0.0001349662438242799
97/6785,Pramod Kumar Meher,0.00013459896140183397
72/7440,Jiazhi Xia,0.0001345737644689546
81/3569-1,Hao Fei 0001,0.00013447930320234445
24/441,Robin Cohen,0.00013437077941513435
d/JustinDauwels,Justin Dauwels,0.00013421452749814568
22/1460,Hanwu Sun,0.0001340235561907379
50/2484-59,Lei Yang 0059,0.0001339196639975813
68/4388,Qingming Huang,0.00013378176077488807
190/2868,Yaowen Zheng,0.0001336451132315177
16/1184,Xinge You,0.00013335046490608985
117/6987,Wen Jun Tan,0.0001333069355012596
173/5282,Rex Ying,0.00013327227069930326
95/3736-36,Jun Liu 0036,0.00013324304639081338
70/1741-1,Lei Xie 0001,0.0001332223994629334
58/7646,Alok Prakash,0.00013308052469903313
73/4145,Meng Joo Er,0.0001330604470948385
225/5519,Daqing Liu,0.00013305971122121467
150/3317,Chaowei Xiao,0.00013300515434599245
50/3402,Bo Li,0.0001329935758993107
256/9091,Yile Chen 0001,0.00013273733651350306
28/6937-1,Yong Xiao 0001,0.00013269784520659022
131/9490-1,Youzhi Zhang 0001,0.00013237119016010207
78/1102-3,Shuo Yang 0003,0.00013234352666471736
119/4026,Zhangyang Wang,0.00013227007073162326
63/1534-21,Xu Yang 0021,0.00013214999388541524
129/1217,Semih Yavuz,0.00013202054848682383
181/2834-46,Zheng Wang 0046,0.00013199241578315649
62/6547,Simon See,0.00013194202218545466
157/2088,Jiaze Li,0.00013179694726518618
05/3403-3,Xin Zhou 0003,0.00013172611076479694
63/8217-1,Yunhe Wang 0001,0.00013138690365691933
50/5489,Wen Song,0.00013124803948470534
181/2323,Yan Sun,0.00013120308370281547
c/FrancoisPSChin,Francois P. S. Chin,0.00013109961897909072
95/5358,Khaled B. Letaief,0.00013108770149662885
284/0807,Zheng Shou 0001,0.00013105141667086126
53/803,Linbo Luo,0.0001309795199455102
88/4302,Jun Jiang,0.0001308830476104273
01/2404,Qingyu Yang,0.00013077192188838473
95/10112,Diep N. Nguyen,0.0001305315886923579
86/541-1,Zhenyu Chen 0001,0.00013048165300860574
01/784,Rong Zhu,0.00013016195458572297
02/2515,Zhongkang Lu,0.0001298758639622323
74/1798-1,Yuan Miao 0001,0.00012971624293869915
17/1464-1,Xiaohu You 0001,0.00012969901778809426
317/0657,Xuan Long Do,0.00012959221646560097
r/IanDReid1,Ian Reid 0001,0.00012943311603948743
71/5859,Dinh Phung 0001,0.00012914335227316959
96/7401,Junyu Liu,0.00012906195010904667
s/ShiguangShan,Shiguang Shan,0.0001289305917139687
83/1191-1,Jung-Jae Kim 0001,0.00012889430232779719
37/4190-55,Yang Li 0055,0.00012882057491640762
128/0928,Allan NengSheng Zhang,0.00012877407820537985
04/6217,Huadong Ma,0.0001286974393993797
74/4904,Qingyu Guo,0.0001284597553199494
118/5482,Jiaxing Xu,0.00012829352735070244
78/5816-2,Jun Cheng 0002,0.0001282489052085042
37/10606,Lisi Chen 0001,0.00012822371888752862
64/6896,Huchuan Lu,0.0001282236252446954
g/AlexanderFGelbukh,Alexander F. Gelbukh,0.00012818358965948444
223/4246,Fangneng Zhan,0.00012807843505252694
08/9937,Yuanqing Zheng,0.00012804646169587694
l/ErwinLeonardi,Erwin Leonardi,0.0001280009387327499
23/8208-1,Jiayi Zhang 0001,0.00012799323499498147
07/2864-2,Rui Yin 0002,0.00012797019225542524
181/8442,Karen Sui Geok Chua,0.00012794749118602127
36/1648,Huiyu Zhou 0001,0.0001279360609410777
159/1492,Yutao Jiao,0.00012791466751185517
44/3549-1,Trung Hieu Nguyen 0001,0.0001278280412255217
30/10768-3,Cong Wu 0003,0.0001277990180963161
89/5503-12,Yi Ding 0012,0.00012771542313532588
58/6576-1,Xiaofei Wang 0001,0.0001276783773724662
23/2089,Ke Yu,0.00012763301316251038
181/2877,Yiming Li,0.0001274569779790197
j/NicholasRJennings,Nicholas R. Jennings,0.00012741626763076102
n/FelixNaumann,Felix Naumann,0.00012734157284092191
142/3689,L. L. Chamara Kasun,0.00012723056433792935
22/111,David Sanán,0.00012714875349633759
57/145,Wenjun Zeng 0001,0.00012714594176292492
116/0674,Pengfei Zhou,0.0001270744939311687
148/9588,Van Tung Pham,0.0001270085625653255
181/2734-4,Feng Zhao 0004,0.00012677556070408633
16/6465-9,Cheng Li 0009,0.00012670959790031403
121/8989,Shuang-Min Chen,0.00012670388142030953
78/2022,Kai Wang,0.00012646288044019976
245/5582,Zhuang Jia,0.00012643771360905205
58/3960-1,Peng Song 0001,0.00012619642721004755
85/6381,Thomas W. Sederberg,0.00012617020313797892
15/1777-2,Di Liu 0002,0.0001261544248999915
26/3367-1,Gang Niu 0001,0.0001260053211328011
228/2769,Kelvin C. K. Chan,0.00012576949781977438
03/1312,Nguyen Hoang Tran,0.00012575236439799062
203/8539,Alexander R. Fabbri,0.0001255745110777206
147/1229,Ziyuan Zhao,0.0001255046892969064
13/2692-24,Bing Li 0024,0.0001252558332502879
131/6529-1,Sibo Wang 0001,0.0001250845427951811
92/7210,Ruilong Deng,0.00012508336053551343
125/2814,Chenglin Xu,0.00012504501951215644
142/2644,Yuanjun Xiong,0.00012501033295234573
47/3024,Min-Hsiu Hsieh,0.00012490460117314854
91/620,Duo Liu,0.0001248877339796234
45/3426-3,Hong Zhou 0003,0.00012484483783987746
w/LeiWang5,Lei Wang 0005,0.00012470867437544255
z/XiaoqinZhang-2,Xiaoqin Zhang 0002,0.00012448215985931768
46/5508-2,Xu Guo 0002,0.0001244452954702879
08/3377,Saravanan Ramanathan,0.00012435899717827176
52/328-1,Di Wu 0001,0.00012431564648664276
73/4373-1,Ming Tang 0001,0.00012419525068732055
01/8056,Jinjian Wu,0.00012418585225041875
31/2621,Edith Elkind,0.0001240401625977602
16/3309,Kaixin Xu,0.00012401387308773302
98/69,Mingyuan Zhang,0.00012396901439903893
198/4455,Zongsheng Yue,0.00012362152294336033
t/DanielThalmann,Daniel Thalmann,0.0001234123314581564
23/11077,Xiaohu Wu,0.00012310561326919276
196/3616,Yongcheng Jing,0.00012305612019479373
52/3194-32,Fei Wang 0032,0.00012295209556106878
51/4757-3,Kai Han 0003,0.0001228719285787941
20/2039,Ming Liu,0.00012274688177726172
54/799,Cheng Peng Fu,0.00012270121561492396
j/YaochuJin,Yaochu Jin,0.00012269118728964668
76/393,Siu Leung Chung,0.0001225573369442519
o/BengChinOoi,Beng Chin Ooi,0.0001225305547338977
122/1682,Juhua Liu,0.00012232421755942736
99/10610,Zoebir Bong,0.00012220370895209932
77/3270,Wei Bian,0.0001221750141700386
34/117,Chi Xu,0.00012211860597723456
33/7046,Jialie Shen 0001,0.00012194545000040192
272/6439,Qihuang Zhong,0.0001218473372870221
52/3194,Fei Wang,0.00012169283658008166
98/6997,Zeng Zeng,0.0001216854696383986
y/JianYang3,Jian Yang 0003,0.00012167162642539662
33/85-12,Qian Liu 0012,0.00012153053523603773
218/5224,Zonghang Li,0.00012150682236548505
132/8514,Jianxiong Yin,0.00012150637255127891
217/2011,Qianyi Wu,0.00012145486884322577
95/2454-1,Xiaohong Liu 0001,0.00012145061528946995
24/4105-2,Wei Wei 0002,0.00012136209674193447
69/732,Xingce Wang,0.00012101891310213031
172/2695,Mengquan Li,0.00012099455158960117
48/6213,Gary Kee Khoon Lee,0.00012095647401612588
l/InsupLee,Insup Lee 0001,0.00012073508579887265
75/3158-19,Zhe Wang 0019,0.00012064494423897778
05/5226,Siu-Yeung Cho,0.00012058931945678068
202/2550,Tianyu Pang,0.00012056234245697307
160/6387,Guangda Huzhang,0.00012055585667283812
23/3610,Rodolfo Zunino,0.00012040703536488215
239/6045,Wayne Zhang 0001,0.00012039709922301776
73/8538,Chenwei Deng,0.00012025369595767963
46/2005,Ning Wang,0.00012007641398145657
10/2453,Xiaofeng Yang,0.0001200296006849323
43/3563-1,Xueqian Wang 0001,0.00012001855551909141
08/4900,Siwei Jiang,0.00012001383816470114
27/9850,Vinit Jakhetiya,0.00011991305227118654
57/2056,Yu Zhao,0.00011971710494780445
k/AloisKnoll,Alois C. Knoll,0.00011962605374605468
124/2136,Long Lan,0.00011951543203033407
94/11104,Huey-Eng Chua,0.00011950800545203164
y/JaneYou,Jane You,0.00011945573375681979
128/3106,Suman Deb,0.00011938589992077144
35/5506,Kai-Kit Wong,0.00011930256708632747
57/8505,Yu Shyang Tan,0.00011917677878933308
l/LinXuemin,Xuemin Lin 0001,0.0001191193781098181
00/1740,Jiangtao Cui,0.00011909717239642168
29/6497-6,Zhuo Chen 0006,0.00011908457068458483
200/9134,Zhonghua Wu,0.00011906491831162418
97/6316,Ling Shi,0.00011904922943357299
93/5633,Dezhong Yao 0001,0.00011894294184547214
244/2438,Sabari Nathan,0.00011890493771998486
71/2308-1,Jun Xiao 0001,0.00011879257081240977
172/1282-2,Xiangyu Xu 0002,0.00011877429702708256
13/3672-1,Z. Jane Wang 0001,0.0001186600299438153
68/3245,Dong Zhang,0.00011856424248870094
31/7025,Mengling Feng,0.00011848745604145055
89/3991,Xu He,0.0001183965523043368
44/740-3,Jiaqi Wang 0003,0.00011835673387273322
71/5802,Michel Pasquier,0.00011817423362647389
92/1942,Rui Yang,0.0001181615625067728
05/6184,Tzu-Yi Hung,0.00011814532235281693
05/8618,Fahad Shahbaz Khan,0.0001180914674617395
k/CCJayKuo,C.-C. Jay Kuo,0.0001179161657274258
92/10934,Fumin Shen,0.00011783458366331613
218/6513,Andri Ashfahani,0.00011780314949335899
281/8186,Yingchen Yu,0.00011764906471766607
82/2248,Hao Sun,0.00011749406383322256
254/1000,Marcos V. Conde,0.00011739390980628269
18/6839,Tan Wang,0.00011738533010952479
62/6025,Alvis Cheuk M. Fong,0.00011727197624838325
w/ZhengWang20,Zheng Wang 0020,0.00011724459658793468
229/7323,Yubo Ma,0.00011719098301133754
87/5809,Zhe Zhang,0.0001171485845490823
21/506,Kaibin Huang,0.00011709966917569898
74/3590,Tao Sun,0.00011701575072646052
m/JiriMatas,Jiri Matas,0.0001168713746277514
96/2615-12,Ye Liu 0012,0.00011680044599245702
04/4493,Shuo Sun,0.00011670136462219017
54/711,Jian Jin,0.0001164938313453163
06/4612,Dion Hoe-Lian Goh,0.00011632469755775638
37/5474,Roshan Lalintha Peiris,0.00011625886396088462
31/2597-1,Wei Ni 0001,0.00011622683759194638
232/2128,Jindong Gu,0.00011609806977478188
28/2295-1,Zhou Wang 0001,0.00011602798833275718
98/6343-1,Chao Cai 0001,0.0001159027412221549
54/2865,Junfa Liu,0.00011579280492370675
236/4960,Dongzhan Zhou,0.00011567685977051959
29/4638,Chang Wen Chen,0.00011563314917567174
84/10047,Siyi Wang,0.00011545919898524562
200/8525,Mathieu Ravaut,0.0001154115537376357
59/6828-1,Yonghui Li 0001,0.00011537252201928951
150/6350,Hongxin Wei,0.00011533931369461128
62/6846-2,Yao Sun 0002,0.00011533764505180702
199/9811,Swaminathan Ramabadran,0.00011524449632720827
88/8205-1,Tianyi Zhou 0001,0.0001152101179334394
53/8073-1,Haipeng Chen 0001,0.00011510304155036216
253/9580,Mingde Yao,0.0001150961249038571
53/2189,Li Li,0.00011493791092061165
77/4730-8,Zheng Fang 0008,0.00011489719318387589
120/4095,Yuchen Fan,0.00011488165654397958
26/5200-1,Ding Liu 0001,0.00011488165654397958
146/6418,Fengmao Lv,0.00011478507841990973
60/1416,Wei Zhong,0.00011473350686303012
42/312,Paolo Gastaldo,0.00011465068063918645
97/6308-1,Wenwu Zhu 0001,0.00011463532927836006
234/8028,Xuansong Xie,0.0001145543332063403
132/8947,Sharath Chandra Guntuku,0.0001144516037278521
24/2634,Maylor K. H. Leung,0.00011442131269432864
72/5872,Xiaoxin He,0.0001141248419605565
20/4420,Boon-Ping Gan,0.00011399791328599907
67/229-3,Kai Niu 0003,0.00011379348797983563
204/3375,Sijie Ruan,0.00011377482022898838
348/7584-1,Zhenhua Feng 0001,0.0001136928710025952
k/JosefKittler,Josef Kittler,0.00011369287100259517
229/2908,Qika Lin,0.00011365933073270159
166/0029-2,Xuebo Liu 0002,0.00011364601563481407
42/10998,Yuguang Mu,0.0001136156224578128
64/2739,Zhiping Cai,0.00011356633403836075
l/JingLi34,Jing Li 0034,0.0001135605188540494
69/1395,Xipeng Qiu,0.00011355139379419263
180/1448,Yaqing Hou,0.00011353818749758392
04/6901,Meng Zhang,0.00011350982642571146
36/3071-2,Xiaoming Li 0002,0.00011350623335112473
00/4516,Siyuan Liu,0.00011334066841321061
67/8628-1,Liming Jiang 0001,0.00011334033109019332
10/4661-82,Wei Zhang 0082,0.00011325477190225529
29/8349,Dafeng Zhang,0.00011320130449444043
142/3885,Guangqi Shao,0.00011320130449444043
42/10799,Xiaotao Wang,0.00011320130449444043
09/471,Lei Lei,0.00011320130449444043
87/6853-1,Zhao Zhang 0001,0.00011320130449444043
318/3006,Suiyi Zhao,0.00011320130449444043
81/7807,Yanyan Wei,0.00011320130449444043
20/4396-1,Jiang Xu 0001,0.00011319981768616106
74/1932,Yue Liu,0.00011311758475716232
181/2597-7,Ning Zhang 0007,0.00011309631198422359
57/4080,Olga Sourina,0.00011309036003814774
50/3147,Jiajun Bu,0.00011306420023637636
200/8321,Behrooz Omidvar-Tehrani,0.00011299013506184821
11/2494,Xudong Jiang 0001,0.00011297210128525595
37/4424-1,Xiao Lu 0001,0.00011283001454291089
94/4810,Bo Zhao,0.00011279015294980501
c/ShihFuChang,Shih-Fu Chang,0.00011273183509983195
78/4523,Bin He,0.00011273077394260805
121/4164,Wenqing Lin,0.00011262583384246887
s/HTShen,Heng Tao Shen,0.00011239409910060405
266/7958,Jer Shyuan Ng,0.00011231980911423588
r/JeffreySRosenschein,Jeffrey S. Rosenschein,0.0001122846107272585
76/1820-9,Xin Liu 0009,0.00011227179934826276
55/7960,Yaoyao Ye,0.00011221300187469519
177/3248,Seungjun Nah,0.00011216789410857655
68/6424-2,Sanghyun Son 0002,0.00011216789410857655
17/4029,Kyoung Mu Lee,0.00011216789410857655
185/1060,Jiahui Yu,0.00011216789410857655
75/5209,Gang Hua 0001,0.00011197075560318136
96/2615-6,Ye Liu 0006,0.00011180972642564097
26/2578-1,Rui Zhao 0001,0.00011173057284557592
168/6457,Vikram Kumar Pudi,0.00011159748419658854
127/2364,Mustafa Khairallah,0.00011142107513123682
251/7214,Teng-Fei Ding,0.00011137894600059534
24/5818,Yu-Gang Jiang 0001,0.00011136799336510575
34/6669,Kuiyu Chang,0.00011128927254823913
124/0384,Juan Deng,0.00011119745858352888
122/3088,Rongpeng Li,0.00011119745858352888
37/8192,Hamid Rezatofighi,0.00011113560046629507
43/1219-1,Ke Yi 0001,0.00011101950017203839
64/1774,Xutao Li,0.00011089615620164598
45/4163-1,Abdul Wahab 0001,0.00011089575751827859
89/4402,Yang Gao,0.00011082931840707384
52/5716,Chang Liu,0.00011078685102002095
97/164,Chao Feng,0.00011065374770337872
94/4754,Tomi Kinnunen,0.00011059245400326726
137/2585,Xuequan Lu,0.00011058136651819155
83/7953-1,Naina Gupta 0001,0.0001105337880613999
208/4220,Heliang Zheng,0.00011045168591911486
133/1975,Jiarui Gan,0.00011041928532136018
121/1326-2,Mengmeng Yang 0002,0.00011038898608192682
78/1467-1,Qi Tian 0001,0.00011038122398620953
35/814,Guoying Zhao 0001,0.00011037048076648794
39/6825,Yang Bai,0.00011034633408755256
d/CEDyreson,Curtis E. Dyreson,0.0001103026595131319
70/3604-1,Chen Qian 0001,0.00011025253986071604
250/3864,Yi Hao Chan,0.00011023399274038657
09/3666,Lei Chen,0.00011023222027719682
132/8062,Weidang Lu,0.00011023118717907905
75/6813,Ping Xu,0.00011014917855106332
11/383-1,Gang Sun 0001,0.00011012027178381322
158/4231,Kele Xu,0.00010999667840358821
169/3407,Qinghao Hu,0.00010993423729309532
180/5537,Chien-Sheng Wu,0.00010989959931393747
27/9060-1,Lingfei Wu 0001,0.00010968659536048137
201/5229,Haiyun Peng,0.00010955300516171025
61/3229,Bin Fu,0.00010954570872129137
16/1893,Andrzej S. Murawski,0.00010953808064750886
42/8146,Derrick Wing Kwan Ng,0.00010942210404787323
t/YuanYanTang,Yuan Yan Tang,0.000109355743635049
06/5687,Hongwei Chen,0.00010924761079327935
h/FeiHuang-4,Fei Huang 0004,0.0001090827916055938
28/4847-4,Wenbo Wang 0004,0.0001090800761216744
239/3478,Yinqiu Liu,0.0001090584958204388
q/ShengchaoQin,Shengchao Qin,0.0001089793962628262
s/DXSong,Dawn Song,0.00010872968048233538
83/2660,Suhaib A. Fahmy,0.00010865239695705202
43/656,Tao Liu,0.00010858854954664441
271/8391-1,Yilun Zhao 0001,0.00010839345342502179
116/8682-7,Shuai Zhao 0007,0.00010838097310571722
83/7910,Chengwen Xing,0.00010827277988716893
48/450-2,Yang Yang 0002,0.00010820916865665274
65/4872,Jianfeng Wang,0.00010819986816306937
54/6561,Zhibo Chen 0001,0.00010790257208916173
116/2520,S. H. Annabel Chen,0.00010787790802387732
134/9314-1,Chaojie Wang 0001,0.00010787037299542102
07/4182-0001,Chun Chen 0001,0.00010786788548514936
151/4214,Gaoxia Zhu,0.00010779846532747618
181/1848-11,Yang Xiao 0011,0.00010761257384296208
29/3987,Jiaxing Li,0.00010757216482931985
59/4107,Xindong Wu 0001,0.00010747183144802842
72/6811,Bo Wang,0.00010742520180698326
115/9656,Junjie Yan,0.0001072705465187855
30/6562,Haiyong Xie 0001,0.00010723725895544128
41/6129,Ing Yann Soon,0.0001072276045182798
189/6195,Jilin Hu,0.00010720327492057292
39/2811,Xue Wang,0.0001070646146054436
48/5141,W. L. Tung,0.00010699456739047115
87/7879,Wenjie Tang,0.000106983107087523
257/4822,Jinjie Ni,0.00010694999470039186
39/4885,Haifeng Shen,0.00010694509253581125
91/5981,Jing Shao,0.00010689428775231907
09/4991,Leonid Sigal,0.00010683897459093986
05/1958,Kun Wang,0.00010673212723715136
33/3675,Ping Chen,0.00010661861744741797
68/6443,Cheng Luo,0.00010656394594678515
76/2625,Zehua Zhang,0.0001063563974806754
97/4626-57,Yi Liu 0057,0.00010632223026850205
03/8693,Efstratios Gavves,0.00010626470039068254
00/2494,Hady W. Lauw,0.00010625065709645457
90/343,Liang Pan,0.00010621151625357121
07/258,Enhong Chen,0.00010619147592044684
184/7483,Yulan Gao,0.00010615499252286958
149/7989-2,Ruxin Wang 0002,0.00010609080391952796
59/622-3,Wei Ding 0003,0.00010599266382195618
d/SDustdar,Schahram Dustdar,0.000105851712666931
53/6044,Meritxell Bach Cuadra,0.00010584658569063705
158/9840,Bihan Wen,0.00010583275895228985
74/3148,Longbiao Wang,0.00010573017483560226
45/8423,Mahinthan Chandramohan,0.00010571792812434254
204/3003,Kangjie Chen,0.00010568913851730903
247/9527,Weiting Zhang,0.00010568178202945478
l/HuiLi5,Hui Li 0005,0.00010566944447567519
37/7763,Yuanyuan Chen,0.00010559949563395547
22/4460-1,Tao Xiang 0001,0.0001054360295247359
181/8395,Christopher Wee Keong Kuah,0.00010540365631789534
130/2468,Haiyan Yin,0.00010515727237894626
d/GDeMicheli,Giovanni De Micheli,0.0001050896507898337
92/7819,Xionghu Zhong,0.0001049919869605241
g/PhilippaGardner,Philippa Gardner,0.00010498232900493409
68/2031-2,Wei Rao 0002,0.00010496891115473809
181/2621-6,Zheng Zhang 0006,0.00010495753825967097
t/AlwenTiu,Alwen Tiu,0.00010492517877236551
72/1999,Heinrich Meyr,0.00010488752787175157
12/7627-1,Xinfeng Zhang 0001,0.0001048832563112111
302/4205,Dianwen Ng,0.00010483813970155019
s/YuliangShi,Yuliang Shi,0.00010480437302171216
j/AdamJatowt,Adam Jatowt,0.00010480303688175773
08/7259,Meihui Zhang 0001,0.00010479077084856085
w/YuWang2,Yu Wang 0002,0.00010478474616198424
77/10205-1,Hongliang Zhang 0001,0.00010456084122839267
71/6948-1,Jianjun Zhao 0001,0.00010453018014676741
252/5270,Xuan-Phi Nguyen,0.00010447070821852444
75/3158-6,Zhe Wang 0006,0.00010431947899240335
92/6840,Megh Thakkar,0.0001042548833648348
48/1294,Feng Zhang,0.00010422944396798117
62/3401,Chunhui Zhang,0.000104195259013665
93/8104,Shiming Ge,0.00010419525901366498
73/2476,Luming Zhang,0.00010407722160424563
198/2537,Chaofeng Chen,0.00010394086387425765
117/6387,Matteo Maggioni,0.00010389711178612422
94/3019-17,Chao Zhang 0017,0.00010378678917922858
38/326-2,Xikun Zhang 0002,0.00010377464974328588
37/8121,Zoltan Endre Rakosi,0.00010373312579548692
149/0439,Qiuping Jiang,0.00010369235211302661
91/1388,Jian Su,0.00010365858004786262
42/8333,Yichao Jin,0.00010360207207432555
l/ZhaoLi-7,Zhao Li 0007,0.0001035796598007706
95/63,Qingxu Deng,0.00010357262990187667
144/3323,Shengxin Liu,0.00010355527253344838
323/7497,Cong-Duy Nguyen,0.00010347331697194789
183/0980,Yinpeng Dong,0.00010347100532392977
22/3510,Zhi Jin,0.00010342465933754743
71/4292-1,Gang Wang 0001,0.00010342252755664045
25/1221-1,Xiaoguang Liu 0001,0.00010342252755664045
10/2381-2,Yan Zheng 0002,0.00010338238748971141
238/0094-1,Zonglin Yang 0001,0.00010335543751202437
87/5337,Juncong Lin,0.00010333605390789428
98/3034,Susanto Rahardja,0.00010331468078428327
03/5454,Jieping Ye,0.00010325753868479217
19/10892,Soonyong Song,0.00010298886070737465
r/MarkORiedl,Mark O. Riedl,0.00010289205028720839
87/285-1,Xiaoming Sun 0001,0.00010278378274269908
29/5255-3,Thong Nguyen 0003,0.00010278325816233703
32/9530-1,Qingshan Xu 0001,0.00010270611032865778
179/2548,Shan You,0.00010270510199909596
47/11423-1,Qiming Zhang 0001,0.00010263371017979779
33/7597,Kening Zhu,0.00010262806803448363
226/1222,Pengjie Gu,0.00010262096678586925
83/2548,Yongxin Tong,0.00010248799175413415
45/47-9,Qin Zhang 0009,0.00010244983882731145
56/4499-1,Liang Wang 0001,0.00010226787424867466
125/6699,Zhengyu Lin,0.00010225837368925598
165/2982,Yulei Niu,0.00010221604448529794
192/1537,Shixiang Chen,0.00010204221902381456
s/JiaGuangSun-1,Jia-Guang Sun 0001,0.00010183679922948596
95/3760,Xiangyu Zhang,0.00010164200546542992
83/820-1,Feng Shao 0001,0.00010163432382262321
126/8027,Lichao Zhang,0.00010162322848451637
77/377-2,Bin Yang 0002,0.00010161888930198409
60/1749,Zhen Dong,0.00010158836504364408
300/7194,Chaitra Desai,0.00010152569448363201
253/9938,Ramesh Ashok Tabib,0.00010152569448363201
28/2344,Imiyage Janaka Prasad Wijesena,0.00010146072177953144
183/6792,Yanbing Yang,0.00010143846890224176
47/4796,Vitomir Struc,0.00010133588830963872
126/3420,Wenqi Ren,0.00010128751579521087
185/7953,Yeting Li,0.0001012071255780321
55/5814,Antoni B. Chan,0.00010114628784394015
127/6172-1,Kaiqi Zhao 0001,0.00010105145299167906
139/0725,Xian Wei,0.00010103329322178307
74/2356,Mingxuan Yuan,0.00010103257527370873
305/9369,Chunyun Chen,0.00010092130709442571
92/2954-2,Feng Li 0002,0.00010089113564972697
133/0292-1,Weiping Ding 0001,0.00010082746719692999
03/7346,Yuxin Zhang,0.00010075334232851208
19/1947,Preslav Nakov,0.0001007499941652191
171/1258,Kailong Wang 0001,0.00010074861306109523
i/StratosIdreos,Stratos Idreos,0.00010074538572954196
116/4606,Mukesh Prasad,0.00010052051532272203
83/6331-4,Xu Chen 0004,0.00010049211774626722
83/5831,Liang Ma,0.00010048322561178923
05/2700,Bo Cheng,0.00010047787558044552
41/3281,Dongjin Song,0.00010037878205046045
07/4382,Chee Kwang Quah,0.0001003598658050763
55/2270-48,Hao Zhang 0048,0.00010033615038296218
62/3689-14,Yu Sun 0014,0.00010030807865867853
257/4507,Wanqi Yin,0.00010020332931108672
150/6633,Shuai Yi,0.00010019633675071626
75/157,Zuohua Ding,0.00010017239139959949
33/4816,Pengyu Zhang,0.00010004535808746573
237/4601,Jiale Guo,0.00010002807170648053
65/4423,Chen Chen,9.994061639368762e-05
59/1232,Junshan Zhang,9.993726541305026e-05
87/763,Howard H. Yang,9.991992816537818e-05
24/712-1,Ge Li 0001,9.99049637499909e-05
35/2011,Yang Xia,9.989795336235612e-05
48/4914,Shuguang Cui,9.98214244562137e-05
68/5216,Jun Sun,9.979238199527737e-05
79/3712,Chong Luo,9.975680936056446e-05
54/2088-4,Xuan Wu 0004,9.969933529120095e-05
318/0986,Tingchen Fu,9.965588775454054e-05
69/9936,Hanchao Yu,9.96177822087275e-05
213/9040,Leilei Gan,9.955706492805677e-05
77/1513-1,Yun Lin 0001,9.953354106912387e-05
151/7509,Jiaxin Shi,9.951955885564623e-05
39/4119,Min Sheng,9.942999369424502e-05
125/8938,Kezhi Wang,9.93690090063889e-05
30/4561,Subhasish Mitra,9.928514674433029e-05
t/KengSoonTeh,James Keng Soon Teh,9.908980623000813e-05
275/3790,Zhongqi Yue,9.908477732383285e-05
130/6222,Senthil Purushwalkam,9.90589575256455e-05
18/2771,Cong Wang,9.897219587276853e-05
176/9567,Thi-Nga Ho,9.889463601764821e-05
259/6990,Zhuoyi Lin,9.88073976473156e-05
231/4867,Quanjun Zhang,9.878845750315959e-05
42/9851,David Eckhoff,9.876262319490859e-05
44/5405,Anthony Larcher,9.865411049265392e-05
253/2147,Ruochen Zhao,9.859568668082556e-05
146/8088,Xuying Meng,9.855283422816857e-05
98/5660,Xu Zhang,9.854805886690913e-05
53/2189-29,Li Li 0029,9.853551470748933e-05
241/0472-3,Bo Han 0003,9.841449218644704e-05
72/3527-8,Qiang Zhang 0008,9.837552996557134e-05
86/9673,Guangdong Bai,9.832753229745197e-05
19/6790-2,Yinan Zhang 0002,9.8275731393852e-05
118/0004,Haoyang Li,9.827067931207144e-05
135/9708-1,Haotian Li 0001,9.823295452870817e-05
302/3974,Shaolun Ruan,9.821118906193551e-05
214/2295,Zhi Hao Lim,9.819129359891025e-05
320/3691,Fangyuan Kong,9.817294886643843e-05
321/1022,Haotian Fan,9.817294886643843e-05
17/11453,Yifang Xu,9.817294886643843e-05
37/5269-1,Long Xu 0001,9.817075417385164e-05
24/8037-1,Chi Lin 0001,9.809393301280598e-05
94/957,Agustina,9.804166024064959e-05
96/6702,Lijun Wang,9.801368270076823e-05
91/2709,Jianping An,9.798937656585584e-05
91/6118,Deian Stefan,9.794689872949942e-05
275/1523,Yijing Lin,9.79182045874729e-05
86/5857,Yonghong Tian 0001,9.791419617690541e-05
84/6889,Jie Zhang,9.788211204485309e-05
192/6758,Chunyi Li,9.787459831529311e-05
150/3494,Meihuizi Jia,9.786281870741524e-05
121/4554,Hwajeong Seo,9.774431815152158e-05
191/8685,Zelei Liu,9.768609849681468e-05
34/6253,Nikos Mamoulis,9.767633316333076e-05
41/6824,Weiming Hu,9.765720935384434e-05
c/XiuzhenCheng,Xiuzhen Cheng 0001,9.765503886463768e-05
161/4943,Weiheng Jiang,9.758597883939507e-05
151/4529,Weiwen Jiang,9.755183810393489e-05
59/4321,Matthew Hague,9.74831665216629e-05
56/4951-1,Jin Tang 0001,9.744479602776792e-05
02/5889,Yu Wang,9.743284360664896e-05
190/0258,Jianyuan Guo,9.738839906225179e-05
66/3387-37,Hui Li 0037,9.736475816525102e-05
84/7019,Liang Lin,9.73590571763996e-05
64/5630-51,Qiang Wang 0051,9.735864655506445e-05
46/10222,Cuiyun Gao,9.734223624848532e-05
00/6472-6,Shuo Chen 0006,9.725700248014152e-05
16/8492,Shoujin Wang,9.716364379652761e-05
268/6752,Daxuan Ren,9.711152417231543e-05
21/9125,Zhen Hai,9.706849377518609e-05
30/5587,Xiu-Ling Liu,9.705805204912836e-05
88/8398,Tianyi Wang,9.699675593366487e-05
