pid,name,weighted_degree
174/9863,Zehui Xiong,2158
145/4239,Jiawen Kang 0001,1937
174/9678,Hongyang Du,1491
86/1369,Dong In Kim,1365
37/1304-1,Ping Wang 0001,1152
83/514,Zhu Han 0001,1065
191/5298,Shangchen Zhou,1023
05/3499-37,Jing Zhang 0037,1004
05/6300-2,Ziwei Liu 0002,973
36/4118,Haizhou Li 0001,937
91/3680-8,Li Shen 0008,931
169/5585,Chongyi Li,918
70/6443-1,Bo Du 0001,844
24/8616,Radu Timofte,813
19/3230,Guangtao Zhai,803
134/1620,Ruicheng Feng,791
264/5802-1,Haoning Wu 0001,785
l/XuelongLi,Xuelong Li 0001,782
127/0713,Xiaofei Xie,764
88/3340-6,Liang Ding 0006,754
16/9879,Wenxiu Sun,747
25/3038-5,Qing Guo 0005,729
37/8852,Dinh Thai Hoang,665
76/3131,Cyril Leung,649
193/4403,Zicheng Zhang,603
150/6667,Tongliang Liu,601
s/JunSun1,Jun Sun 0001,599
s/XueminShen,Xuemin Shen,592
285/1721,Minrui Xu,588
70/6176-1,Bin Ma 0001,573
20/6534-3,Lei Ma 0003,555
61/1140,Jinwei Gu,554
82/6362-1,Qiang Yang 0001,549
53/6088,Dahua Lin,532
57/5272-2,Yong Luo 0002,511
331/2274,Yuekun Dai,506
35/11103,Felix Juefei-Xu,500
99/4522,Xinbo Gao 0001,486
96/6014,Xiong Xiao,474
33/6517,Jin Song Dong,473
43/7400,Yufei Xu,473
215/3264,Qingpeng Zhu,470
l/XiaoliLi,Xiaoli Li 0001,462
139/6983,Xiongkuo Min,460
l/EePengLim,Ee-Peng Lim,453
82/5713,Lizhen Cui,452
77/7902-4,Tianwei Zhang 0004,449
26/1181,Haihua Xu 0001,444
173/5360-1,Nguyen Cong Luong 0001,444
29/4867-20,Yong Liu 0020,432
06/6785-25,Yang Zhang 0025,427
80/7282,Caiming Xiong,427
08/1924,Kai Keng Ang,426
k/AlexChiChungKot,Alex C. Kot,415
180/8218-1,Sen Chen 0001,414
97/2966-2,Chang Xu 0002,411
24/6606,Tat-Seng Chua,407
204/3729,Yuekang Li,395
239/4017,Xiangtai Li,394
09/5042-29,Wei Sun 0029,392
01/753,Chau Yuen,391
t/StephenJohnTurner,Stephen John Turner,389
255/5085,Yihao Huang 0001,389
207/1743,Jiangtian Nie,388
116/4904,Soujanya Poria,385
115/7106-1,Jiacheng Wang 0001,376
16/1278-5,Chao Dong 0005,375
03/5204-1,Xinmei Tian 0001,373
223/4246,Fangneng Zhan,369
192/6758,Chunyi Li,367
93/2671,Wangmeng Zuo,365
h/StevenCHHoi,Steven C. H. Hoi,362
65/1792,Huamin Qu,361
198/2537,Chaofeng Chen,358
04/5226,Xiaoou Tang,357
79/1442-6,Chao Xu 0006,357
55/7901-1,Xianglong Liu 0001,356
199/6413,Xinrun Wang,355
232/3190,Zhongang Cai,353
01/2404,Qingyu Yang,349
59/3754-3,Han Hu 0003,348
232/2265,Hongyuan Yu,345
142/8486,Yibing Zhan,345
28/10770,Lefei Zhang,341
31/9004,Yuming Fang,339
181/2839-26,Kai Chen 0026,338
16/0-8,Min Wu 0008,335
62/6016-1,Jiaxing Huang 0001,332
95/2454-1,Xiaohong Liu 0001,331
54/6827,Zhiwei Xiong,326
79/1648,Matej Kristan,324
52/3003,Shiwen Mao,323
64/2903-2,Bo Dai 0002,322
65/4423-75,Chen Chen 0075,321
p/HVincentPoor,H. Vincent Poor,320
23/8015,Xinchao Wang,317
84/4581-1,Nan Zhao 0001,314
50/8731,Wayne Wu,312
199/1893,Shaohan Feng,311
98/8479,Mingming Gong,310
205/3991,Xintao Wang,305
163/5129-1,Zhu Sun 0001,304
91/9687,Fayao Liu,304
92/3836,Shimin Gong,303
71/5333,Mingli Song,303
75/7384,Jun Jia,303
189/5885,Yuchen Hu,301
174/7172,Chaoyue Wang,300
17/1152-5,Wei Feng 0005,298
94/1926,Liang Liao,298
18/6404-1,Abhishek Gupta 0001,298
48/9230,Chongjia Ni,297
53/6625,Lidong Bing,297
177/5658,Aishan Liu,295
54/4934,Björn W. Schuller,292
79/3711,Ming-Hsuan Yang 0001,292
225/4682,Fengxiang He,292
06/3071-1,Xiaokang Yang 0001,291
37/4424-1,Xiao Lu 0001,291
03/6772,Amir Hussain 0001,290
70/3604-6,Chen Qian 0006,290
06/4240-15,Zhe Chen 0015,287
97/4626-69,Yi Liu 0069,287
219/5327,Peiqing Yang,287
09/3625,Mehdi Bennis,285
76/847-6,Lei Feng 0006,284
281/8186,Yingchen Yu,284
56/1673,Chunhua Shen,282
07/1560,Byron Choi,281
51/3710-165,Yang Liu 0165,281
228/2769,Kelvin C. K. Chan,281
94/7837,Shivam Bhasin,279
y/ShuichengYan,Shuicheng Yan,279
56/432,Joo-Hwee Lim,279
198/4455,Zongsheng Yue,279
324/1909,Rui Mao 0010,278
88/4302,Jun Jiang,278
122/4814,Qiong Yan,277
75/1281,Ling Shao 0001,277
11/2636-3,Lingling Fan 0003,275
85/6463-1,Bo Ai 0001,271
l/MalcolmYokeHeanLow,Malcolm Yoke Hean Low,270
76/4975,Abbas Jamalipour,270
31/3668-1,Geng Sun 0001,270
49/3283-5,Wei Liu 0005,268
54/4989-2,Ping Luo 0002,265
227/6598,Ruichen Zhang,265
45/1224,Ekram Hossain 0001,265
36/3071-2,Xiaoming Li 0002,263
245/5582,Zhuang Jia,263
249/8429,Xiaobao Wu,261
23/2089,Ke Yu,261
07/954,Zhenzhong Chen,260
67/4236,Jinqiao Wang,260
18/5410-4,Di Wang 0004,259
48/1091-1,Yiqiang Chen 0001,258
73/7781,Baoyuan Wu,258
63/8217-1,Yunhe Wang 0001,258
35/5873,Ivor W. Tsang,257
61/5017,Luc Van Gool,257
47/11423-1,Qiming Zhang 0001,257
q/YuQiao1,Yu Qiao 0001,256
t/NadiaMagnenatThalmann,Nadia Magnenat-Thalmann,256
122/1682,Juhua Liu,256
183/0183,Zhengzi Xu,255
93/6765-1,Meng Wang 0001,254
16/6465-9,Cheng Li 0009,253
36/4847,Victor C. M. Leung,251
98/153,Ying-Chang Liang,246
140/4707,Changxing Ding,246
33/1903,Xiaokui Xiao,246
137/8830,Tianlin Li,246
244/2438,Sabari Nathan,246
12/4846,Liangpei Zhang 0001,246
163/6525,Chengwei Liu,244
178/8621,Zhiguang Cao,243
33/1678,Geguang Pu,243
t/PhilipHSTorr,Philip H. S. Torr,242
59/2741,Xiang Bai,242
02/2515,Zhongkang Lu,241
148/9588,Van Tung Pham,240
50/5754-2,Jun Yu 0002,239
23/1818,Zheng-Jun Zha,238
00/5480,See-Kiong Ng,236
56/5807-1,Xian-Sheng Hua 0001,233
236/9144,Gelei Deng,233
145/1096,Bohan Zhuang,232
125/2814,Chenglin Xu,232
02/7781-1,Shanshan Zhao 0001,232
188/6350,Yi Tay,231
150/9712,Qingqing Wu 0001,230
40/3934-4,Dong Wang 0004,230
73/4373-1,Ming Tang 0001,230
58/9145-1,Shiqi Wang 0001,229
10/217,Cheng Chen,228
01/5858,Yang Gu,228
88/619-6,Peng Sun 0006,228
234/8028,Xuansong Xie,227
o/EePingOng,Ee Ping Ong,225
05/8618,Fahad Shahbaz Khan,225
35/4621,Kong-Aik Lee,224
179/2548,Shan You,223
21/1136,Wu Jigang,222
91/195-7,Chi Zhang 0007,222
13/9079-1,Ke Gu 0001,222
29/8349,Dafeng Zhang,222
20/4471,Cheng Deng,222
c/AdrianDavidCheok,Adrian David Cheok,221
78/1813-2,Xinpeng Li 0002,221
28/7409,Chengzhi Jiang,221
55/1756,Ting Jiang,221
98/3796,Wenjie Lin,221
96/3446-17,Qi Wu 0017,221
211/5818,Mingyan Han,221
143/7181,Haoqiang Fan,221
49/8652,Shuaicheng Liu,221
22/2383,Suiping Zhou,217
23/8208-1,Jiayi Zhang 0001,217
253/9580,Mingde Yao,217
55/3346,Christian Theobalt,217
07/5681-1,Liang Feng 0001,216
15/1123,Mohsen Guizani,216
200/7275,Cen Zhang,216
134/8681,Guozhu Meng,216
176/8839,Yonghui Xu,216
178/8725,Baosheng Yu,215
64/6544,Yi Zhang,213
75/4085,Mérouane Debbah,213
64/5160,Zhichao Zhang,213
78/4473,Yin-Leng Theng,213
205/7219,Aoran Xiao,213
50/671,Yu Zhang,212
38/5125,Juyong Zhang,212
72/3380,Shi-Qing Xin,212
142/3885,Guangqi Shao,212
42/10799,Xiaotao Wang,212
09/471,Lei Lei,212
87/6853-1,Zhao Zhang 0001,212
318/3006,Suiyi Zhao,212
81/7807,Yanyan Wei,212
253/9938,Ramesh Ashok Tabib,212
230/1216,Henghui Ding,211
57/145,Wenjun Zeng 0001,211
83/1359-1,Daqing Zhang 0001,211
122/2673,Junhui Hou,211
52/3194-32,Fei Wang 0032,211
00/5179-1,Rui Tan 0001,209
28/7717,Yibo Yang,209
127/6132,Qianru Sun,209
169/7255,Yukun Ma,208
266/7958,Jer Shyuan Ng,208
205/2918,Tianyue Zheng,208
13/2692-24,Bing Li 0024,208
217/9580,Qianhui Sun,207
h/ThomasSHuang,Thomas S. Huang,207
124/2136,Long Lan,206
64/6896,Huchuan Lu,205
84/3795,Nan Li,204
183/6637,Chongwen Huang,204
122/2259,Haiqiang Wang,204
151/9910,Xiangguang Chen,204
178/9814,Wenhui Meng,204
59/749,Xiang Pan,204
368/3663,Huiying Shi,204
02/1555-3,Han Zhu 0003,204
23/2240,Xiaozhong Xu,204
02/2264-9,Lei Sun 0009,204
49/4215-1,Shan Liu 0001,204
302/4205,Dianwen Ng,203
92/6630,Leida Li,203
89/3136,Susu Yao,202
348/7584-1,Zhenhua Feng 0001,201
k/JosefKittler,Josef Kittler,201
04/1538,Edwin Lughofer,201
03/7457,Zhenghua Chen,200
276/3216,Annan Wang,200
93/8104,Shiming Ge,200
62/3401,Chunhui Zhang,200
272/6439,Qihuang Zhong,200
119/4173,Meiqing Wu,199
50/5489,Wen Song,199
15/1777-2,Di Liu 0002,199
50/2484-45,Lei Yang 0045,198
70/1741-1,Lei Xie 0001,198
44/3549-1,Trung Hieu Nguyen 0001,198
183/2642,Weisong Sun,198
78/4523,Bin He,198
84/8761,Nancy F. Chen,197
70/3604-1,Chen Qian 0001,197
71/6948-1,Jianjun Zhao 0001,197
20/10243,Gongjie Zhang,197
95/10112,Diep N. Nguyen,196
95/1161-1,Kun Zhu 0001,196
207/8653,Shangqing Liu,196
09/3666,Lei Chen,195
41/6824,Weiming Hu,195
a/SihemAmerYahia,Sihem Amer-Yahia,195
56/4499-1,Liang Wang 0001,194
61/9197,Bihuan Chen 0001,193
02/7548,Yanjie Chen,193
m/JiriMatas,Jiri Matas,193
203/8539,Alexander R. Fabbri,191
239/3478,Yinqiu Liu,190
25/4108-1,Hongbo Jiang 0001,190
271/8391-1,Yilun Zhao 0001,190
96/6702,Lijun Wang,190
56/4951-1,Jin Tang 0001,190
87/7879,Wenjie Tang,189
73/7055,Yinxing Xue,189
188/1205,Anfeng He,189
187/1232,Zhao Luo,189
343/4311,Jinbo Wen,188
33/4816,Pengyu Zhang,188
79/3712,Chong Luo,187
149/8306,Zhiwei Zeng,187
r/DragomirRRadev,Dragomir R. Radev,187
66/3387-37,Hui Li 0037,187
03/8693,Efstratios Gavves,187
120/4095,Yuchen Fan,187
26/5200-1,Ding Liu 0001,187
55/5814,Antoni B. Chan,186
126/8027,Lichao Zhang,186
254/1000,Marcos V. Conde,186
64/5630-51,Qiang Wang 0051,186
44/740-3,Jiaqi Wang 0003,186
16/3283,Xi Chen,185
98/69,Mingyuan Zhang,185
17/6484,Chuan Heng Foh,185
255/0117,Shikun Li,185
09/1365-34,Xin Li 0034,185
57/6240-1,Zhenyu He 0001,185
67/2667,Milind Tambe,184
123/5110,Joey Tianyi Zhou,184
42/4110-1,Wenyu Liu 0001,184
225/9851,Yaqi Wu,184
172/1282-2,Xiangyu Xu 0002,184
16/5766,Liangliang Wang,183
05/3403-8,Xin Zhou 0008,183
17/7992,Wanli Ouyang,182
72/8614,Yingbo Zhou,182
27/2403,Yunhao Liu 0001,182
71/8042,Xiaoxiao Li,182
95/6812,Zengxiang Li,181
41/1572,Yingjie Zhou,181
03/6872-1,Yong-Jin Liu 0001,181
95/10521,Xiaojiang Chen,181
163/4511,Amanda Berg,181
210/2313,Linyu Zheng,181
206/6445,Litu Rout,181
154/1351,Luca Bertinetto,181
151/8848,Martin Danelljan,181
209/8650,Matteo Dunnhofer,181
174/2809,Meng Ni,181
34/5733-3,Min Young Kim 0003,181
154/9080,Abdelrahman Eldesokey,181
260/3261,Naveen Paluru,181
56/10105,Niki Martinel,181
04/383-13,Pengfei Xu 0013,181
58/4525-5,Pengfei Zhang 0005,181
260/2752,Pengkun Zheng,181
52/323,Qi Zhang,181
244/2529,Jani Käpylä,181
45/7595,Rama Krishna Sai Subrahmanyam Gorthi,181
07/6331,Richard M. Everson,181
205/4022,Ruize Han,181
160/9929,Ruohan Zhang,181
260/3125,Shao-Chuan Zhao,181
155/9654,Shengwei Zhao,181
242/1376,Shihu Li,181
160/3616,Gustavo Fernández,181
208/8033,Shuai Bai,181
245/8954,Shuosen Guan,181
82/1822,Tengfei Xing,181
169/4627,Tianyang Xu,181
120/8076-3,Tianyu Yang 0003,181
06/5919-6,Ting Zhang 0006,181
142/5749,Tomás Vojír,181
39/2359,Weizhao Wang,181
156/0213,Abel Gonzalez-Garcia,181
115/5698,Xi Qiu,181
13/5168-1,Xiao-Jun Wu 0001,181
54/230,Xiaoyun Yang,181
260/3035,Xier Chen,181
69/6460,Alireza Memarmoghadam,181
90/2719,Xing Sun,181
59/7651,Xingyu Chen,181
123/7064,Xu Tang,181
70/6628,Xuefeng Zhu,181
75/6434-8,Yan Huang 0008,181
78/10104,Yanan Chen,181
253/3698,Yanchao Lian,181
245/2878,Andong Lu,181
254/1072,Yinda Xu,181
59/605,Yingming Wang,181
172/4240,Yingping Li,181
36/2728-16,Yu Zhou 0016,181
66/875,Yuan Dong,181
60/9627,Yunhua Zhang,181
260/2938,Yunkun Li,181
132/7882-8,Zeyu Wang 0008,181
81/7883,Zhaoliang Zhang,181
169/4022,Zhichao Song,181
50/505-4,Zhihao Chen 0004,181
49/4941,Zhipeng Zhang,181
147/5025,Zhirong Wu,181
251/0619,Zhongjian Huang,181
188/7504,Anton Varfolomieiev,181
132/2247,Zhu Teng,181
187/9123,Zihan Ni,181
141/9949,Ardhendu Shekhar Tripathi,181
15/5400,Arnold W. M. Smeulders,181
260/3120,Bala Suraj Pedasingu,181
153/1895,Bao Xin Chen,181
22/3524,Baopeng Zhang,181
174/9761,Bi Li 0005,181
92/786-4,Bin Yan 0004,181
54/5260,Bing Bai,181
l/AlesLeonardis,Ales Leonardis,181
13/2692-1,Bing Li 0001,181
50/3402-114,Bo Li 0114,181
214/8978,Byeong Hak Kim,181
79/1552-4,Chao Ma 0004,181
60/2548,Chen Fang,181
83/7820-2,Chenglong Li 0002,181
163/1795,Chengquan Zhang,181
25/1650,Chi-Yi Tsai,181
00/78,Michael Felsberg,181
28/38,Christian Micheloni,181
65/2751,Deepak Gupta,181
260/2975,Dejia Song,181
260/3303,Eunu Yi,181
35/2836,Roman P. Pflugfelder,181
10/8496,Fangyi Zhang,181
21/6180,Fei Zhao,181
220/3209,George De Ath,181
190/7682,Goutam Bhat,181
178/8116,Guangqi Chen,181
227/7195,Guangting Wang,181
121/6265,Guoxuan Li,181
14/6210,Hakan Cevikalp,181
13/6441-6,Hao Du 0006,181
k/JoniKristianKamarainen,Joni-Kristian Kämäräinen,181
216/7590,Haojie Zhao,181
225/3263,Hasan Saribas,181
36/5839,Ho Min Jung,181
34/5268,Hongliang Bai,181
133/1706,Houwen Peng,181
69/7673,Jiakun Li,181
19/8654,Luka Cehovin Zajc,181
93/3389,Jianhua Li,181
83/8692,Jianlong Fu,181
92/6289,Jie Chen,181
181/2794,Jie Gao,181
23/3168-14,Jie Zhao 0014,181
l/JingLi36,Jing Li 0036,181
27/2384,Jingjing Wu,181
164/5911,Jingtuo Liu,181
79/5367,Ondrej Drbohlav,181
09/287,Jinqing Qi,181
10/2874,Jinyue Zhang,181
t/JohnKTsotsos,John K. Tsotsos,181
39/2874,Jong Hyuk Lee,181
67/3379,Joost van de Weijer 0001,181
260/2774,Jun Ha Lee,181
213/4212,Junfei Zhuang,181
260/2990,Kangkai Zhang,181
03/9859,Kangkang Wang,181
160/3679,Alan Lukezic,181
250/4445,Kenan Dai,181
21/2715,Lei Liu,181
249/8242,Leida Guo,181
89/5992-40,Li Zhang 0040,181
14/1719,Lijun Zhou,181
68/2031-2,Wei Rao 0002,180
88/6731-1,Jie Lin 0001,180
14/1705,Yunhai Tong,180
22/1460,Hanwu Sun,179
10/4661-12,Wei Zhang 0012,179
177/3248,Seungjun Nah,179
68/6424-2,Sanghyun Son 0002,179
17/4029,Kyoung Mu Lee,179
185/1060,Jiahui Yu,179
29/5255-3,Thong Nguyen 0003,179
155/2883,Rongliang Wu,179
131/4074,Jiahui Zhang,179
03/2511-2,Hui Fang 0002,178
43/3254,Haihong Zhang,178
46/3348,Sumei Sun,178
46/8076,Wenwei Zhang,178
195/8988,Chuanxia Zheng,177
282/6550,Yurui Zhu,177
136/9389,Xueyang Fu,177
92/249,A. Prasad Vinod 0001,176
97/3742,Guangming Shi,176
95/5358,Khaled B. Letaief,176
158/4231,Kele Xu,175
x/JianliangXu,Jianliang Xu,175
80/3909,Dingyi Fang,174
220/0988,Zhihao Fan,174
241/4348,Shuo Huai,173
42/3332,Junsong Yuan 0001,172
180/5537,Chien-Sheng Wu,172
129/1217,Semih Yavuz,172
124/0310,Chunrong Fang,172
153/2475,Prasanna Ravi,171
157/2088,Jiaze Li,171
40/7018-5,Yuan Zhou 0005,171
50/8499-1,Haoyu Wang 0001,170
320/3691,Fangyuan Kong,169
321/1022,Haotian Fan,169
17/11453,Yifang Xu,169
32/749-1,Erli Zhang 0001,168
119/5942,Ming-Feng Ge,168
79/627-1,Hong Qin 0001,167
86/541-1,Zhenyu Chen 0001,167
27/9060-1,Lingfei Wu 0001,167
84/8411,Peilin Zhao,166
153/2952-2,Jiahui Li 0002,166
43/5957,Meng-Hiot Lim,166
83/5831,Liang Ma,166
323/7497,Cong-Duy Nguyen,166
35/1228,Masashi Sugiyama,165
52/6744,Shuigeng Zhou,165
84/10716,Guibing Guo,165
244/2493,Priya Kansal,165
195/2732,Chengwei Qin,164
14/8431,Haibo Zhou,164
119/0001,Xuanwu Yin,164
354/8493,Kunlong Zuo,164
t/ChewLimTan,Chew Lim Tan,164
173/5282,Rex Ying,163
45/5411,Nan Guan,163
35/203,Zhenjiang Li,163
72/7503-1,Shuai Yang 0001,163
78/1102-3,Shuo Yang 0003,163
z/XiaoqinZhang-2,Xiaoqin Zhang 0002,163
06/4612,Dion Hoe-Lian Goh,163
57/5656,Xiaojun Jia,162
91/6236-1,Xiaogang Wang 0001,162
160/3845,Anubhab Baksi,161
23/108-1,Jiang Liu 0001,161
32/10216,Guiyuan Jiang,161
74/7037-14,Liu Liu 0014,161
32/6230,Shengli Xie,160
181/2734-4,Feng Zhao 0004,160
197/4742,Xiangzhong Luo,160
215/5457,Dayan Guan,160
55/4292,Sreenatha G. Anavatti,160
69/6707,Tien Yin Wong,159
166/0029-2,Xuebo Liu 0002,159
m/StephenJMaybank,Stephen J. Maybank,159
94/4754,Tomi Kinnunen,158
74/3590,Tao Sun,158
59/983-1,Yixin Chen 0001,158
h/BingshengHe,Bingsheng He,157
24/3702,Fei Hou,157
04/6217,Huadong Ma,157
42/6896-1,Ting Su 0001,157
82/378-3,Ming Hu 0003,157
201/6624,Chunle Guo,157
49/5418,Xiaoli Tang,157
222/7868,Yuxuan Du,157
52/9457,Chenliang Li,156
90/343,Liang Pan,156
74/3128-3,Chong Zhang 0003,155
16/1234-1,Zhuo Zhang 0001,155
167/2089,Simeng Han,155
146/4832,Hao Kong,155
292/4088,Ruikang Xu,155
120/7554,Zhipeng Luo,155
268/6752,Daxuan Ren,154
144/7479,Sai-Kit Yeung,154
54/6561,Zhibo Chen 0001,154
276/3246,Jingwen Hou,154
40/5402,Siwei Ma,154
81/2641,A. Benjamin Premkumar,153
92/2954-8,Feng Li 0008,153
327/3311,Zhezhu Jin,153
22/111,David Sanán,152
50/2484-59,Lei Yang 0059,151
96/2615-6,Ye Liu 0006,151
j/YaochuJin,Yaochu Jin,151
12/8442,Xiangyu Kong,151
26/3367-1,Gang Niu 0001,150
207/1901,Jianqiang Huang,150
01/4449-1,Zhiguo Cao 0001,150
01/2960,Xiaobing Wang,150
73/7877,Huan Zheng,150
312/3893,Yangcheng Gao,150
231/1744,Jiahuan Ren,150
242/2724,Tuan-Anh Vu,150
14/6306,Rainer Leupers,149
40/3865,Chuanchu Wang,149
35/547,Chih-Chung Hsu,149
21/8587-2,Chen Gong 0002,149
78/4381,Jenq-Neng Hwang,149
191/8896,Ziyao Liu,148
46/1165,Haijun Wang,148
280/2872,Haobo Yuan,148
67/8628-1,Liming Jiang 0001,148
m/SanjayKumarMadria,Sanjay Kumar Madria,148
24/4470,Yang Song,148
08/2489-1,Xiaohong Li 0001,147
75/3158-6,Zhe Wang 0006,147
01/2775,Lei Yu,147
74/1932,Yue Liu,146
68/6443,Cheng Luo,146
29/8716,Kai Feng,146
288/0985,Kaiwen Cui,146
97/1049,Michael Lees,145
16/3309,Kaixin Xu,145
205/8767,Siyuan Liang,145
64/5725-16,Long Chen 0016,145
s/DXSong,Dawn Song,145
122/5343,Chenghui Peng,144
t/KayChenTan,Kay Chen Tan,144
20/4396-1,Jiang Xu 0001,144
125/6699,Zhengyu Lin,144
83/5342-5,Min Zhang 0005,143
376/5887,Linhan Cao,143
166/3228,Qiubo Chen,143
43/3563-1,Xueqian Wang 0001,143
41/3281,Dongjin Song,143
284/3037,Benjamin Kiefer,143
17/5013,Janez Pers,143
298/8098,Lojze Zust,143
87/8843,Fabio Poiesi,143
228/1838,Fabio Augusto de Alcantara Andrade,143
53/5306,Alexandre Bernardino,143
127/0448,Matthew Dawkins,143
11/8636,Jenni Raitoharju,143
334/4434,Yitong Quan,143
334/4511,Adem Atmaca,143
295/8768,Timon Höfer,143
180/3659,Lars Sommer,143
214/9422,Raphael Spraul,143
327/3298,Hangyue Zhao,143
334/4075,Hongpu Zhang,143
12/7547,Yanyun Zhao,143
334/3907,Jan Lukas Augustin,143
310/1069,Eui-ik Jeon,143
44/281,Impyeong Lee,143
320/6085,Luca Zedda,143
167/0964,Andrea Loddo,143
13/5485,Cecilia Di Ruberto,143
224/6611,Sagar Verma,143
45/7178,Siddharth Gupta,143
276/6411,Shishir Muralidhara,143
276/6456,Niharika Hegde,143
210/2192,Daitao Xing,143
156/8140,Nikolaos Evangeliou,143
11/637,Anthony Tzes,143
211/4023,Vojtech Bartl,143
195/6281,Jakub Spanhel,143
25/469,Adam Herout,143
158/9487,Neelanjan Bhowmik,143
43/3031,Toby P. Breckon,143
334/3666,Shivanand Kundargi,143
327/3588,Tejas Anvekar,143
193/5852,Uma Mudengudi,143
278/2682,Arpita Vats,143
77/444,Delong Liu,143
92/6499,Yonglin Li,143
262/1396,Shuman Li,143
95/8314,Chenhao Tan,143
326/8810,Vladimir Somers,143
57/3965,Christophe De Vleeschouwer,143
48/3455,Alexandre Alahi,143
271/1528,Hsiang-Wei Huang,143
03/10433,Cheng-Yen Yang,143
205/3972,Pyong-Kun Kim,143
334/4354,Kwangju Kim,143
203/7566,Kyoungoh Lee,143
45/5080,Shuai Jiang,143
40/4099,Haiwen Li,143
334/4120,Zheng Ziqiang,143
295/2794,Hai Nguyen-Truong,143
294/6135,Sophia Yang,143
331/1442,Xiu-Yu Hou,143
334/3785,Yu-An Jhang,143
175/6341,Simon Yang,143
83/3765,Mau-Tsuen Yang,143
28/4847-4,Wenbo Wang 0004,142
53/1471,Puay Siew Tan,142
140/8357,Haoran Xu,142
w/RaymondChiWingWong,Raymond Chi-Wing Wong,141
21/7664,Jianye Hao,141
24/2670,Rick Siow Mong Goh,141
42/8374,Qingyao Wu,141
275/1523,Yijing Lin,141
18/1099,Xinghua Qu,141
196/3124,Weixia Zhang,141
20/5353,Mai Xu,141
261/8056,Haijin Zeng,141
354/8085,Guanqun Liu 0005,141
119/0230,Junjun Jiang,141
124/2034,Kui Jiang,141
300/7194,Chaitra Desai,141
169/3407,Qinghao Hu,141
88/8398,Tianyi Wang,140
147/5824-1,Hongxu Chen 0001,140
231/7630,Jiangmiao Pang,140
127/2956,Guangliang Cheng,140
38/326-2,Xikun Zhang 0002,140
53/803,Linbo Luo,139
71/2764,Eryk Dutkiewicz,139
19/10892,Soonyong Song,139
265/5033,Ruoxi Zhu,139
331/3226,Shijie Wen,139
156/1038,Shunyu Yao,139
254/6023,Yuhang Hu,139
172/2695,Mengquan Li,139
186/9707,Liangming Pan,138
150/5634,Changyan Yi,137
28/6937-1,Yong Xiao 0001,137
270/6203,Jinting Luo,137
59/1007,Xiangnan He 0001,137
16/1325,Chew-Hung Chang,137
77/2428-3,Ping Zhang 0003,136
159/1492,Yutao Jiao,135
133/4527,Hongyuan Zhu,135
202/8872-1,Anran Li 0001,135
182/7262,Anxiang Zeng,135
176/4020,Yapeng Tian,135
166/2763-1,Yulun Zhang 0001,135
r/IanDReid1,Ian Reid 0001,134
150/6633,Shuai Yi,134
g/WenGao,Wen Gao 0001,134
15/4777-63,Tao Zhang 0063,134
257/4507,Wanqi Yin,134
09/1365-82,Xin Li 0082,134
74/4607,Kun Yuan,134
368/6730,Yajing Pei,134
202/4926,Yiting Lu,134
39/1471-8,Ming Sun 0008,134
72/4184-3,Chao Zhou 0003,134
13/7007-9,Lei Li 0009,134
250/1091,Han Kong,134
203/1536,Wenxuan Wang,134
223/5019,Mengduo Yang,134
00/5012-1,Jie Zhou 0001,134
43/4804,Da Li,134
376/6510,Jiazhi Du,134
94/8672,Zhibo Li,134
87/7883,Shuai He,134
52/3276,Anlong Ming,134
39/10696,Huiyuan Fu,134
23/2702,Yong Wu,134
376/5720,Fie Xue,134
225/7439,Guozhi Zhao,134
130/1023,Lina Du,134
77/2751,Jie Guo,134
42/9889,Huimin Zheng,134
215/2594,Junhao Chen,134
376/5368,Dulan Zhou,134
335/8976,Qisheng Xu,134
328/5733,Zhixiang Ding,134
29/6643-17,Jie Huang 0017,134
59/1501,Richang Hong,134
200/9134,Zhonghua Wu,133
09/3493-1,Dong Xu 0001,133
02/4647-6,Chao Ren 0006,133
277/9378,Bosheng Ding,133
147/1229,Ziyuan Zhao,133
91/10215,Xulei Yang,133
25/5712,Guang Yang,133
188/9082,Yequan Wang,133
71/2308-1,Jun Xiao 0001,133
02/5336,Gerd Ascheid,132
254/1228,Rundong Wang,132
77/10205-1,Hongliang Zhang 0001,132
73/9801,Kok Soon Phua,132
01/8056,Jinjian Wu,132
14/6370-1,Xin Peng 0001,132
203/8513,Haiyu Zhao,131
d/LingyuDuan,Ling-Yu Duan,131
97/6308-1,Wenwu Zhu 0001,131
76/5789-0009,Shuai Liu 0009,131
190/4779,Chaoyu Feng,131
21/10480,Luyang Wang,131
72/6811-11,Bo Wang 0011,131
23/1112-1,Weifeng Liu 0001,131
44/5405,Anthony Larcher,130
178/9876,Lingjuan Lyu,130
77/3270,Wei Bian,130
167/0539,Dongliang He,130
150/6350,Hongxin Wei,129
237/3528-2,Mohamed Ragab 0002,129
68/10002,Fusang Zhang,129
354/8723,Binnan Han,129
200/8321,Behrooz Omidvar-Tehrani,129
39/3695,Xiaochun Cao,128
p/JianPei,Jian Pei 0001,127
84/4388,Shuxin Li,127
217/2011,Qianyi Wu,127
184/7483,Yulan Gao,127
73/1823,Chuan Sheng Foo,127
07/314-1,Jian Zhang 0001,127
19/2969-1,Jindong Wang 0001,127
43/8066-2,Xiaojie Guo 0002,127
46/3359-1,Wenjun Zhang 0001,126
329/5838,Jia Qi Yip,126
87/763,Howard H. Yang,126
218/5224,Zonghang Li,126
55/7960,Yaoyao Ye,126
41/6237,Walid Saad,125
75/5713,Ville Hautamäki,125
73/1778,Choong Seon Hong,125
81/3569-1,Hao Fei 0001,125
06/4171,James Cheng,125
171/1258,Kailong Wang 0001,125
181/2323,Yan Sun,125
67/463,Meng Fang,125
16/6533,Yiyu Cai,125
146/0878,Mohammad Abu Alsheikh,124
07/4182-0001,Chun Chen 0001,124
86/5681,Rongrong Ji,124
12/417-16,Hui Chen 0016,124
170/1654,Changgong Zhang,124
05/10163,Jakub Breier,123
74/3148,Longbiao Wang,123
98/6343-1,Chao Cai 0001,123
32/32,Wei Ma,123
211/7010,Xiaohang Zhan,123
89/2619,Reynold Cheng,122
j/ChristianSJensen,Christian S. Jensen,122
l/XiangYangLi,Xiang-Yang Li 0001,122
19/1947,Preslav Nakov,122
61/7591,Peiran Ren,122
166/1912,Minhui Xue 0001,121
63/1534-21,Xu Yang 0021,121
k/AloisKnoll,Alois C. Knoll,121
15/2133,Cheung-Chi Leung,121
60/657,Zhongke Wu,121
94/190-2,Jie Zheng 0002,121
65/657,Hengjie Song,121
50/2484-18,Lei Yang 0018,121
22/7733,Qiong Cao,121
90/549-1,Zhaohui Yang 0001,120
124/0384,Juan Deng,120
125/8938,Kezhi Wang,120
122/3088,Rongpeng Li,120
50/3147,Jiajun Bu,120
89/4402,Yang Gao,120
82/2790-4,Wei Yu 0004,120
84/4965,Munchurl Kim,120
198/9637,Tiantong Guo,120
73/1467,Vishal Monga,120
119/4026,Zhangyang Wang,120
a/DavidAtienza,David Atienza,120
95/5912,Guang-Bin Huang,119
21/506,Kaibin Huang,119
48/4914,Shuguang Cui,119
58/6810-41,Li Wang 0041,119
52/6482,Zhenchang Xing,119
20/2039,Ming Liu,119
10/2453,Xiaofeng Yang,119
53/1565,Xiapu Luo,118
225/5519,Daqing Liu,118
194/1299,Alice Baird,118
g/XianfengGu,Xianfeng Gu,118
00/2494,Hady W. Lauw,118
140/7348-3,Yixin Liu 0003,118
144/7556,Daoyuan Wu,118
77/8060-1,Yueming Wu 0001,118
00/3188,Jianping Shi,118
57/2056,Yu Zhao,118
87/2948-2,Yuan Liu 0002,117
98/5684-3,Wenjie Zhang 0003,117
68/6526,Iti Chaturvedi,117
20/8038-2,Yixin Cao 0002,117
52/5716-40,Chang Liu 0040,117
13/3672-1,Z. Jane Wang 0001,117
58/6576-1,Xiaofei Wang 0001,116
97/10238,Antonio De Domenico,116
243/6550,Lukas Stappen,116
39/10651,Ruitao Feng,116
181/2831,Chen Wei,116
50/3402-26,Bo Li 0026,116
339/0425,Yuanshen Guan,116
47/8889-1,Thomas Laurent 0001,116
10/3849,Budhitama Subagdja,116
03/2515,Kalyani Chatterjea,116
47/3024,Min-Hsiu Hsieh,116
329/2730,Martin Riddell,115
160/1727,Arman Cohan,115
206/8280,Yanwei Jiang,115
129/1254,Peter Kairouz,115
64/898,H. Brendan McMahan,115
200/7947,Brendan Avent,115
61/8017,Aurélien Bellet,115
199/2164,Arjun Nitin Bhagoji,115
29/4152,Kallista A. Bonawitz,115
213/3622,Zachary Charles,115
c/GrahamCormode,Graham Cormode,115
56/9841,Rachel Cummings,115
125/1967,Rafael G. L. D'Oliveira,115
122/2942,Salim El Rouayheb,115
e/DavidEvans,David Evans 0001,115
195/6806,Josh Gardner 0001,115
255/5493,Zachary Garrett,115
90/3256,Adrià Gascón,115
125/2134,Badih Ghazi,115
g/PhillipBGibbons,Phillip B. Gibbons,115
87/88,Marco Gruteser,115
39/2793,Zaïd Harchaoui,115
222/6721-1,Chaoyang He 0001,115
225/5245,Lie He,115
178/8562,Zhouyuan Huo,115
56/1256,Ben Hutchinson,115
35/10964,Justin Hsu,115
17/4402,Martin Jaggi,115
74/2569,Tara Javidi,115
119/3872,Gauri Joshi,115
199/2224,Mikhail Khodak,115
139/0872,Jakub Konecný,115
08/1446,Aleksandra Korolova,115
k/FarinazKoushanfar,Farinaz Koushanfar,115
14/8885,Sanmi Koyejo,115
08/11136,Tancrède Lepoint,115
39/6266,Prateek Mittal,115
03/5448,Mehryar Mohri,115
n/RichardNock,Richard Nock,115
12/4534,Ayfer Özgür,115
p/RasmusPagh,Rasmus Pagh,115
96/1046,Hang Qi,115
47/5036,Daniel Ramage,115
r/RameshRaskar,Ramesh Raskar,115
07/5590-1,Mariana Raykova 0001,115
171/5170,Weikang Song,115
04/10549,Sebastian U. Stich,115
194/8609,Ziteng Sun,115
119/3884,Ananda Theertha Suresh,115
158/7224,Florian Tramèr,115
131/6694,Praneeth Vepakomma,115
98/6805,Jianyu Wang,115
39/3530-1,Li Xiong 0001,115
83/2535-2,Zheng Xu 0002,115
23/10574,Felix X. Yu,115
04/11534,Sen Zhao,115
141/0649,Farhad Merchant,114
71/5859,Dinh Phung 0001,114
26/4850,Wen-Jing Hsu,114
230/4012,Chao-Han Huck Yang,114
214/2295,Zhi Hao Lim,114
52/3194,Fei Wang,114
40/1491,Xiang Li,114
20/5565,Damon Wing Kee Wong,114
10/5630,Xin Wang,114
279/6151,Xinshuai Dong,114
97/4637,Jon Garibaldi,114
88/8205-1,Tianyi Zhou 0001,114
20/4420,Boon-Ping Gan,113
77/2970-1,Xin Cao 0001,113
27/2122,Emilio Calvanese Strinati,113
48/1294,Feng Zhang,113
12/7627-1,Xinfeng Zhang 0001,113
18/5410-23,Di Wang 0023,113
16/7565-1,Jie Fu 0001,112
56/443,Jinghui Zhong,112
218/7793,Yueting Zhuang,112
w/LeiWang20,Lei Wang 0020,112
g/AlexanderFGelbukh,Alexander F. Gelbukh,112
252/1240,Wanli Ni,112
239/6045,Wayne Zhang 0001,112
121/0867,Haoliang Li,112
75/1683-2,Gang Yu 0002,112
66/6604,Zhiyong Lu,112
51/4757-2,Kai Han 0002,112
181/2834-46,Zheng Wang 0046,111
94/60,Hongfang Yu,111
253/2147,Ruochen Zhao,111
317/0657,Xuan Long Do,111
27/2376,Edwin Hsing-Mean Sha,111
190/2868,Yaowen Zheng,111
65/7804,Yuchao Dai,111
36/3855,Eric P. Xing,111
76/1735,Yixiang Fang,110
71/4476,Enamul Hoque,110
151/4420-1,Tiantian He 0001,110
178/1416,Ke Xian,110
64/6025-190,Wei Li 0190,110
241/9593,Jiangning Zhang,110
86/896,Chunjing Xu,110
t/JeanPhilippeThiran,Jean-Philippe Thiran,110
20/2165-8,You Zhou 0008,109
62/6846-2,Yao Sun 0002,109
12/5913-1,Kai He 0001,109
98/6997,Zeng Zeng,109
118/5482,Jiaxing Xu,109
16/8492,Shoujin Wang,109
83/820-1,Feng Shao 0001,109
08/890-1,Xiangyu Zhao 0001,109
262/1686-1,Hui Xiong 0001,109
51/4757-3,Kai Han 0003,109
57/6221-6,Sen Zhang 0006,109
58/7646,Alok Prakash,108
04/4493,Shuo Sun,108
27/7017-27,Peng Chen 0027,108
52/146-3,Yuming Jiang 0003,108
